VAR,FELL_TOT,FELL_TOT,FELL_TOT,FELL_TOT,FELL_TOT,FELL_TOT,FELL_TOT,FELL_TOT,FELL_TOT,FELL_TOT,FELL_TOT,FELL_TOT,FELL_TOT,FELL_TOT,FELL_TOT,FELL_TOT,FELL_TOT,FELL_TOT,FELL_TOT,FELL_TOT,FELL_TOT,FELL_TOT,FELL_TOT,FELL_TOT,FELL_TOT,FELL_TOT,FELL_TOT,FELL_TOT,FELL_TOT,FELL_TOT,FELL_TOT,FELL_TOT,FELL_TOT,FELL_TOT,FELL_TOT,FELL_TOT,FELL_SALV,FELL_SALV,FELL_SALV,FELL_SALV,FELL_SALV,FELL_SALV,FELL_SALV,FELL_SALV,FELL_SALV,FELL_SALV,FELL_SALV,FELL_SALV,FELL_SALV,FELL_SALV,FELL_SALV,FELL_SALV,FELL_SALV,NET_FELL,NET_FELL,NET_FELL,NET_FELL,NET_FELL,NET_FELL,NET_FELL,NET_FELL,NET_FELL,NET_FELL,NET_FELL,NET_FELL,NET_FELL,NET_FELL,NET_FELL,NET_FELL,NET_FELL,NET_FELL,NET_FELL,NET_FELL,NET_FELL,NET_FELL,NET_FELL,LOSSES,LOSSES,LOSSES,LOSSES,LOSSES,LOSSES,LOSSES,LOSSES,LOSSES,LOSSES,LOSSES,LOSSES,LOSSES,LOSSES,LOSSES,LOSSES,LOSSES,LOSSES,LOSSES,LOSSES,LOSSES,LOSSES,LOSSES,LOSSES,LOSSES,LOSSES,LOSSES,GINCR,GINCR,GINCR,GINCR,GINCR,GINCR,GINCR,GINCR,GINCR,GINCR,GINCR,GINCR,GINCR,GINCR,GINCR,GINCR,GINCR,GINCR,GINCR,GINCR,GINCR,GINCR,GINCR,GINCR,GINCR,GINCR,GINCR,GINCR,GINCR,GINCR,GINCR,GINCR,GINCR,CHANGE,CHANGE,CHANGE,CHANGE,CHANGE,CHANGE,CHANGE,CHANGE,CHANGE,CHANGE,CHANGE,CHANGE,CHANGE,CHANGE,CHANGE,CHANGE,CHANGE,CHANGE,CHANGE,CHANGE,CHANGE,INT_USE,INT_USE,INT_USE,INT_USE,INT_USE,INT_USE,INT_USE,INT_USE,INT_USE,INT_USE,INT_USE,INT_USE,INT_USE,INT_USE,INT_USE,INT_USE,INT_USE,INT_USE,INT_USE,INT_USE,INT_USE,INT_USE,INT_USE,INT_USE,INT_USE,INT_USE,INT_USE,INT_USE,INT_USE,INT_USE,INT_USE,INT_USE,NINCR,NINCR,NINCR,NINCR,NINCR,NINCR,NINCR,NINCR,NINCR,NINCR,NINCR,NINCR,NINCR,NINCR,NINCR,NINCR,NINCR,NINCR,NINCR,NINCR,NINCR,NINCR,NINCR,NINCR,NINCR,NINCR,NINCR
COU,AUS,AUT,HUN,ISL,IRL,ITA,JPN,KOR,LUX,MEX,NLD,NZL,BEL,NOR,POL,PRT,SVK,ESP,SWE,CHE,TUR,GBR,CHL,CAN,EST,RUS,SVN,CRI,LVA,LTU,CZE,DNK,FIN,FRA,DEU,GRC,AUT,KOR,LUX,NLD,POL,PRT,SVK,SWE,CHE,GBR,CHL,EST,LVA,LTU,CZE,DNK,FIN,AUS,AUT,HUN,ITA,KOR,LUX,NLD,POL,PRT,SVK,SWE,CHE,GBR,CHL,EST,USA,COL,LVA,LTU,CZE,DNK,FIN,DEU,AUT,IRL,ITA,JPN,KOR,LUX,NLD,BEL,NOR,POL,PRT,ESP,SWE,CHE,TUR,GBR,CHL,SVN,USA,LVA,LTU,CZE,DNK,FIN,FRA,DEU,GRC,AUT,HUN,ISL,IRL,ITA,JPN,KOR,LUX,MEX,NLD,NZL,BEL,NOR,POL,PRT,SVK,ESP,SWE,CHE,TUR,GBR,CHL,EST,SVN,USA,LVA,LTU,CZE,DNK,FIN,FRA,DEU,GRC,AUT,ITA,KOR,LUX,NLD,BEL,POL,PRT,SVK,SWE,CHE,TUR,GBR,CHL,SVN,USA,LVA,LTU,DNK,FIN,DEU,AUT,HUN,IRL,ITA,JPN,KOR,LUX,MEX,NLD,NZL,BEL,NOR,POL,PRT,SVK,ESP,SWE,CHE,TUR,GBR,CHL,EST,SVN,USA,LVA,LTU,CZE,DNK,FIN,FRA,DEU,GRC,AUT,ISL,IRL,ITA,JPN,KOR,LUX,NLD,NOR,POL,PRT,ESP,SWE,CHE,TUR,GBR,CHL,SVN,USA,LVA,LTU,CZE,DNK,FIN,FRA,DEU,GRC
1950,7974.0,,3126.0,,,13470.0,65631.0,413.0,170.0,,,3460.0,3408.445,12788.0,20177.0,,5459.0,2347.0,53800.0,,,,37865.4,85615.0,3281.0,,,,,,6623.0,1818.0,49000.0,,,4000.0,,,,,,,,500.0,,,,,,,,,,7973.0,,2758.0,,,,,,,,,,,37865.4,,305640.0,,,,,,,,,,,1051.0,,,,,1799.0,4862.0,,,,,,,,,102205.0,,,1400.0,,,,,,,,,,15250.0,,,,,,,,16048.0,40864.0,,5722.0,,65000.0,,,,20659.0,7065.0,2115.0,496249.0,,,10982.0,2133.0,54750.0,,,,,,,,,,,,,,,,,-17206.4,,88404.0,,,315.0,,,,,,0.883,,,,,,,,0.797,0.494,,0.954,,0.828,,,,1.833,0.464,,0.776,,,0.603,0.852,0.895,,,,,,,,,,,,14249.0,36002.0,,,,,,,,,394044.0,,,9582.0,,,,,
1970,11521.0,,5953.0,,289.0,11667.0,65996.0,1744.0,247.0,,,7820.0,4039.638,10259.0,28366.0,,6274.0,8627.0,68200.0,,20812.0,4280.0,,121625.0,3376.0,,2887.0,,,,10016.0,2288.4,58700.0,,,2695.0,,,,,7177.0,,,,,40.0,,,,,,,,11521.0,,5034.0,11667.0,,,,21189.0,,,,,4240.0,,,407151.0,,,,,,,,,,,390.0,22.0,,,,1961.0,6469.0,,455.0,3000.0,,,60.0,,,114029.0,,,2000.0,,,,,,,9900.0,,,,38400.0,2023.0,,,,,,17194.0,50795.0,,9824.0,,78700.0,,30859.0,12210.0,,8273.0,4147.0,675430.0,,,16648.0,1935.0,57400.0,,,,,,,,,,23137.0,,,,,,7910.0,,1260.0,154250.0,,,-353.4,,,,0.601,,,1.719,0.862,,,,,,0.597,0.558,,0.639,,0.867,,0.674,0.351,,0.408,0.696,0.725,,,0.602,1.183,1.023,,,,,,,,38010.0,2001.0,,,15233.0,44326.0,,,75700.0,,,12150.0,,,561401.0,,,14648.0,,,,,
2004,26498.0,,7094.0,,,,,,,6718.508,,20911.0,,,,14321.285,7268.0,,,,,,,210871.0,8101.82,121516.0,,,14029.4,,17291.0,1623.0,69934.0,59001.0,97802.409,1693.0,,,,,,716.064,2916.0,,,,,693.862,,,5962.0,,,,,5660.0,,,,,,13605.221,4352.0,,,,,7407.958,459769.0,,,,11329.0,,,97802.409,,,,,,,,,,,,,,,,,,,204461.0,,,,,,7007.0,3775.977,,,12518.0,,,,,,,,,36254.0,,,,,11534.0,,,,,,,13118.673,,927470.0,,,22548.0,,100690.0,100581.0,119476.99,,,,,,,,,,4266.0,,,,,,,263240.0,,,,,17898.581,,0.567,,,,,,,,0.577,,,,,0.63,,,,,,,0.618,,0.636,,,0.767,,0.695,0.587,0.819,,,,,,,,,,,,,,,,,,,,723009.0,,,,,,93574.0,108955.698,
2005,26998.358,23511.0,7167.0,0.5,3206.0,13298.0,34659.0,3573.0,249.0,6423.898,1314.0,19334.0,4389.0,13068.0,37156.0,14229.0,10191.0,17369.103,86400.0,8076.0,14107.0,10551.0,45707.22,205665.0,7962.095,124224.0,3153.0,582.5,14126.97,,17190.0,2576.0,67326.0,,101778.434,1601.0,3107.0,,,,5211.0,711.0,6533.0,8803.0,1990.0,,122.6,890.61,,,5031.0,,5882.0,26998.0,20404.0,5940.0,13298.0,,,,31945.0,13518.0,3658.0,77597.0,6086.0,,45584.62,7071.485,461554.0,2008.389,,,12160.0,,61444.0,101778.434,5486.0,,4520.0,689.0,114.0,,156.0,,3884.0,18400.0,1132.0,1633.685,9387.0,1901.0,1789.0,,2454.1,1044.0,213086.0,,,,,2760.0,,3765.116,,30622.0,12899.0,,4485.0,35872.0,87143.0,17316.0,,,2894.0,36864.0,5289.0,31272.0,67596.0,20002.0,11584.0,35418.134,101446.974,11002.0,,21930.0,86121.361,13064.244,10765.0,953407.0,25280.0,,22680.0,4854.6,101890.0,,119133.362,,4732.0,18054.0,,,,,17251.0,5352.0,1393.0,14463.0,3015.0,,,38082.641,6571.0,278767.0,,,2278.6,37686.0,13589.928,0.768,0.556,0.715,0.371,0.398,0.206,,,0.454,0.524,0.83,0.418,0.55,0.711,0.88,0.49,0.852,0.734,,0.481,0.531,0.609,0.293,0.623,0.559,,0.758,0.531,0.661,,0.854,,25136.0,67.0,,31352.0,86454.0,17202.0,,2738.0,27388.0,49196.0,18870.0,33784.449,92563.974,9101.0,,,83667.261,9721.0,740321.0,,,,,99130.0,,109112.998,
2006,26734.156,,7005.0,,3234.0,,35784.0,3728.0,294.0,6481.167,,18894.0,,11764.0,,14130.741,8357.0,,,,,,,185359.0,5737.211,125427.0,3718.0,703.7,14129.06,,19593.0,2043.0,65376.0,,109954.993,1666.0,,289.0,,,,706.537,4266.0,,,,,589.999,,,8896.0,,5681.0,,,5913.0,,3439.0,,,,13424.204,4091.0,,,,,5147.212,450556.0,1402.414,,,10696.0,,59695.0,109954.993,,,,644.0,8.0,,,,3788.0,,,,,,,,,1045.0,221713.0,,,,,2760.0,,3757.199,,,13702.0,,4653.0,,,21262.0,,,,37745.0,,30600.0,,,11671.0,,,,,,,13099.844,10783.0,979344.0,25280.0,,22804.0,,103080.0,,118882.876,,,,17815.0,,,,,,3314.0,,,,,,6020.0,307075.0,,,,40625.0,5170.883,,0.511,0.695,,,0.175,,,,0.501,,0.384,,,0.716,,,,,,,0.438,0.345,0.595,0.559,,0.859,,0.634,,0.925,,,,,,,21254.0,,,26812.0,,,,,,,,,9738.0,757631.0,,,,,100320.0,,109179.0,
2007,27192.006,,6609.0,,3240.6,,39690.0,4553.0,370.0,6988.461,,19974.0,,12845.0,,14184.832,8367.0,,,,,,,165921.0,5167.935,142177.0,3242.0,538.3,13633.648,9720.0,20513.0,2217.0,72932.0,,124192.003,1587.0,,99.0,,,,709.242,4701.0,,,,,477.053,,670.0,16497.0,,6318.0,,,5640.0,,4454.0,,,,13475.59,3666.0,,,,,4690.882,429432.0,1399.169,,9050.0,4016.0,,66614.0,124192.003,,403.0,,619.0,6.0,,,,3612.0,,,,,,,,,1047.0,228448.0,,2900.0,,,2760.0,,3751.604,,,12917.0,,,,,,750.0,,,38841.0,,29271.0,,,11665.0,,,,,,,13085.256,10801.0,984203.0,25280.0,13770.0,22961.0,,104280.0,,118705.855,,,,,,,,,,3298.0,,,,,,6513.0,326323.0,,1820.0,,34906.0,-9238.147,,0.512,,,,,0.493,,,0.514,,0.439,,,0.717,,,,,,,0.395,0.3,0.568,0.539,0.706,0.893,,0.699,,1.046,,,,,,,,,,25659.0,,,,,,,,,9754.0,755755.0,,10870.0,,,101520.0,,109340.0,
2008,28367.758,,7024.0,,2636.7,,41194.0,4727.0,382.0,6304.948,,20481.0,,12705.0,,13259.652,9467.0,,,,,,,141397.0,4639.198,113128.0,3427.0,576.0,10135.716,9650.0,17940.0,2062.0,71208.0,,101603.932,1466.0,,49.0,,,,662.983,6115.0,,,,,342.652,,640.0,11913.0,,8144.0,,,5957.0,,4678.0,,,,12596.669,3352.0,,,,,4296.546,369792.0,806.306,,9010.0,6027.0,,63064.0,101603.932,,403.0,,626.0,5.0,,,,3542.0,,,,,,,,,1049.0,235183.0,,3140.0,,,4736.0,,3745.075,,,13275.0,,,,,37010.0,,,,39428.0,,28884.0,,,11786.0,,,,,,,13068.595,10818.0,989062.0,25280.0,13760.0,23083.0,,105470.0,,118499.284,,,,32327.0,,,,,,2319.0,,,,,,6342.0,384087.0,,1610.0,,37670.0,13150.352,,0.529,,,,0.128,,,,0.519,,0.44,,,0.803,,,,,,,0.355,0.317,0.491,0.401,0.701,0.777,,0.675,,0.857,,,,,,,37005.0,,,25342.0,,,,,,,,,9769.0,753879.0,,10620.0,,,100734.0,,107886.627,
2009,25798.803,,6774.0,,2732.4,,43484.0,7678.0,354.0,5808.957,,18937.0,,11038.0,37754.0,12588.492,9248.0,,78800.0,,18736.0,,52696.44,118935.0,6349.505,100059.0,3374.0,490.5,11787.073,9250.0,17179.0,2091.0,60135.0,45880.0,87868.686,1267.0,,23.0,,,5354.0,709.242,5586.0,1500.0,,,330.7,573.612,,660.0,7348.0,,7103.0,25624.0,,5890.0,,7655.0,,,32400.0,11879.25,3662.0,76900.0,,,52365.74,5775.893,336341.0,1504.375,,8590.0,9831.0,,53032.0,87868.686,,403.0,,594.0,91.0,,,,3524.0,,,,,,4170.0,,2818.05,1051.0,241918.0,,3270.0,,,4736.0,8708.0,3738.453,,,13345.0,,,,,41428.0,,,,40489.0,,28963.0,,,11866.0,,119320.0,,36282.0,,91515.88,13222.135,10836.0,993921.0,25280.0,14020.0,23988.0,,105780.0,89939.0,118289.792,,,,33682.0,,,,,,2618.0,,,13376.0,,36332.09,6411.0,415662.0,,2160.0,,48012.0,26683.107,,0.508,,,,0.185,,,,0.468,,0.381,,,0.779,,0.66,,0.516,,0.576,0.48,0.311,0.447,0.466,0.66,0.716,,0.568,0.51,0.743,,,,,31395.828,,41337.0,,,25439.0,,,,112520.0,,32112.0,,88697.83,9785.0,752003.0,,10750.0,,,101044.0,81231.0,108094.94,
2010,25563.0,,7424.0,,2948.0,12755.0,44152.0,8671.0,464.0,5627.087,1295.0,22042.0,5230.195,13359.0,46600.0,,9860.0,19706.466,88900.0,8289.0,16424.0,11646.0,,144274.0,8165.22,112163.0,,351.1,13879.072,8640.0,18553.0,2309.0,72788.0,46852.0,101200.015,1838.0,,100.0,,50.0,9300.0,,6159.0,1600.0,899.9,,,665.765,150.0,710.0,6738.0,,8362.0,,,6406.0,12755.0,8571.0,,1245.0,35467.0,,3701.0,88700.0,7389.0,,,7499.455,341500.0,933.978,13729.072,7930.0,11814.0,,64426.0,101200.015,,403.0,4689.0,582.0,11.0,,157.0,,3551.0,10300.0,,1715.628,5131.0,1749.0,,,,,248653.0,6090.0,3330.0,,,4736.0,8655.0,3697.832,,,13142.0,,5356.0,37122.0,,,,,2895.0,41115.0,4951.334,29297.0,72600.0,,11953.0,37194.659,121040.0,11611.0,36282.0,22987.0,,13511.355,,998780.0,25770.0,14360.0,23539.0,5049.06,106080.0,91319.0,117004.577,,,19678.0,,,1493.0,,26833.0,,2093.0,27209.0,2473.0,19858.0,,,,408627.0,5950.928,3100.0,2740.06,36918.0,12106.562,,0.565,0.55,0.344,,,,,0.447,0.536,1.056,0.456,0.642,,0.825,0.53,0.734,0.714,0.453,0.507,,0.604,,0.455,0.539,0.602,0.788,0.457,0.686,0.513,0.865,,,,4953.0,32433.0,,,,2738.0,25746.0,62300.0,,35479.031,113740.0,9862.0,,,,,750127.0,19680.0,11030.0,,,101344.0,82664.0,108280.261,
2011,26532.0,,8080.0,,2953.5,,45931.0,9953.0,515.0,5501.086,,25131.0,,13116.0,,,9467.0,,88400.0,,17216.0,,,150483.0,8990.496,,,454.5,14499.83,8430.0,17047.0,2231.0,73643.0,48470.0,93409.229,1833.75,,322.0,0.0,,,,4992.0,1900.0,,,,816.267,150.0,760.0,4234.0,,8470.0,,,6950.0,,9631.0,515.0,,,,4475.0,86200.0,,,,8174.229,353790.0,1042.64,14349.83,7670.0,12813.0,,65173.0,93409.229,,403.0,,645.0,92.0,86.0,,,3585.0,,,,,,3245.0,,,,255389.0,6090.0,3420.0,,,4736.0,8800.0,3691.339,,,13070.0,,,,,38002.0,712.0,,,41745.0,,29633.0,,,12024.0,,123470.0,,36282.0,,,13722.999,,1003638.0,25770.0,14890.0,23767.0,,106390.0,91929.0,116799.165,,,,28279.0,111.0,,,,,2557.0,,,15821.0,,,,394459.0,5330.17,3800.0,,36481.0,19698.936,,0.618,,,,0.262,0.723,,,0.602,,0.443,,,0.787,,0.716,,0.475,,,0.655,,0.473,0.563,0.566,0.717,,0.692,0.527,0.8,,,,,,,37910.0,626.0,,26048.0,,,,113170.0,,37959.0,,,,748249.0,19680.0,11470.0,,,101654.0,83129.0,107412.892,
2012,23497.0,,7732.0,,3121.8,,39455.0,10701.0,363.0,5910.293,,26070.0,5057.122,13758.0,,,8232.0,,85500.0,,17893.0,,59659.0,153185.0,10181.723,,4869.0,510.0,13852.926,8530.0,16692.0,3981.0,72900.0,49037.0,93821.429,1711.879,,356.0,0.0,,,,3504.0,,,,,911.876,150.0,830.0,3588.0,37.0,8262.0,,,6611.0,,10345.0,363.0,,,,4728.0,83400.0,,,59659.0,9269.847,,2010.4,13703.0,7700.0,13105.0,3944.0,64638.0,93821.429,,403.0,,643.0,475.0,85.0,,270.151,3620.0,,,,,,3073.0,,5152.0,,,6090.0,3310.0,,352.0,4736.0,9126.0,3684.455,,,13035.0,,7685.0,,,31955.0,739.0,,,42094.0,4601.401,29969.0,,,12126.0,,125310.0,,42179.0,,95910.0,13888.004,10391.0,,25770.0,15440.0,23909.0,6711.0,106690.0,92219.0,116571.115,,,,21135.0,291.0,,-725.873,,,3894.0,,,21213.0,,31099.0,5522.0,,5977.01,4430.0,2378.0,37316.0,19065.686,,0.593,0.406,,,0.335,0.491,,,0.619,1.099,0.459,,,0.679,,0.682,,0.424,,0.622,0.733,0.469,,0.538,0.552,0.698,0.593,0.683,0.532,0.805,,,,7282.0,,,31480.0,654.0,,26349.0,,,,,,39081.0,,90758.0,,,19680.0,12130.0,,6322.0,101954.0,83093.0,107563.061,
2013,22580.0,,7875.0,,3339.6,,40209.0,9323.0,356.0,5957.094,1267.0,28163.682,,13313.0,,,7837.0,,85600.0,,17886.0,,54400.0,155531.0,10091.724,,,479.3,13466.145,8600.0,16991.0,4195.0,79185.0,48094.0,87237.812,1596.427,,537.0,0.0,37.0,,,3110.0,,,,,774.618,150.0,880.0,4708.0,38.0,9198.0,,,6731.0,,8786.0,356.0,1230.0,37946.0,,4727.0,83500.0,,,54400.0,9317.106,,797.2,13316.145,7720.0,12283.0,4157.0,69987.0,87237.812,,403.0,,627.0,533.0,62.0,168.0,,3657.0,,,,,,4014.0,,,,,6090.0,3260.0,,397.0,4736.0,9354.0,3685.336,,,13069.0,,7685.0,,,33702.0,758.0,,2724.0,42856.0,,30180.0,,,11982.0,,128130.0,,42179.0,,94355.0,14134.8,,,25770.0,15750.0,24071.0,6920.0,107000.0,92385.0,116598.982,,,,24383.0,340.0,1326.0,,,,4145.0,,,20279.0,,39955.0,,,6363.855,4770.0,2328.0,32277.0,25676.17,,0.603,0.435,,,0.277,0.47,,0.465,0.657,,0.441,,,0.654,,0.668,,0.424,,0.577,0.714,,,0.523,0.546,0.706,0.606,0.74,0.521,0.748,,,,7282.0,,,33169.0,696.0,2556.0,26523.0,,,,,,38869.0,,,,,19680.0,12490.0,,,102264.0,83031.0,108172.56,
1980,15586.0,,7543.0,,819.0,8989.0,42932.0,2568.0,,9048.0,,9911.0,4393.107,11167.0,30906.0,,5864.0,7661.0,68000.0,,24911.0,5070.0,,155624.0,3590.0,,3141.0,,,,13732.0,2139.2,59700.0,,,2825.0,,,,,866.0,,1314.0,,,60.0,,,,,,,,15286.0,,6156.0,8989.0,,,,22290.0,,4550.0,,,5010.0,,,424671.0,,,,,,,,,,,2100.0,,,,,2307.0,8265.0,,,3000.0,,,80.0,,,140366.0,,,1900.0,,,,,,,10794.0,,,21069.0,59600.0,,,38795.0,,,,19654.0,52150.0,,8842.0,,83900.0,,30223.0,15880.0,,8893.0,4921.0,769546.0,,,18974.0,2851.0,71190.0,,,4000.0,,,,,,,21595.0,,2978.0,,,,10790.0,,1780.0,204509.0,,,711.8,,,,0.699,,0.427,0.72,,,0.233,,,,0.568,0.593,,0.663,,0.81,,0.824,0.319,,0.404,0.638,0.675,,,0.724,0.75,0.839,,,0.706,,,,,57500.0,,,,17347.0,43885.0,,,80900.0,,,15800.0,,,629180.0,,,17074.0,,,,,
2014,25266.0,,7517.0,,3425.4,,41881.0,8763.0,405.0,5664.934,,30258.37,,14081.0,,,9417.0,,91500.0,,19276.0,,51907.0,155136.0,10007.563,,,542.2,14173.879,9180.0,17152.0,4345.0,79152.0,47401.0,86927.669,1431.926,,624.0,14.0,,,,6142.0,,,,,656.947,150.0,920.0,5017.0,52.0,9122.0,,,6404.0,,8139.0,391.0,,,,3275.0,88000.0,,,51907.0,9350.616,,,14023.879,8260.0,12135.0,4293.0,70030.0,86927.669,,403.0,,561.0,836.0,101.0,,,3694.0,,,,,,2567.0,,,,,6090.0,3290.0,,424.0,4736.0,9768.0,5158.981,,,13052.0,,7685.0,,,38802.0,758.0,,,43058.0,,30391.0,,,12079.0,,128920.0,,42179.0,,97023.0,14321.311,,,25770.0,16260.0,24209.0,7708.0,107000.0,91806.0,113740.802,,,,29827.0,266.0,,,,,2662.0,,,20336.0,,45116.0,,,5656.121,4710.0,2939.0,32234.0,21654.152,,0.576,0.446,,,0.226,0.534,,,0.703,,0.463,,,0.78,,0.71,,0.457,,0.535,0.699,,,0.55,0.565,0.708,0.564,0.74,0.516,0.764,,,,7282.0,,,37966.0,,,26697.0,,,,,,42207.0,,,,,19680.0,12970.0,,,102264.0,82038.0,108582.0,
2015,27290.0,,7354.0,,3575.0,,43806.0,7769.0,438.0,6122.241,,29580.0,,15547.0,,,9249.0,,92400.0,8505.0,21241.0,13517.0,52006.0,160164.0,10046.291,,,588.4,13928.729,9550.0,17913.0,3831.0,82396.0,,88504.991,,,457.0,0.0,,,,5213.0,,899.9,,,487.989,150.0,910.0,9036.0,76.0,9625.0,,,6344.0,,7312.0,438.0,,,,4036.0,89100.0,7605.0,,52006.0,9558.302,,,13778.729,8640.0,8877.0,3755.0,72771.0,88504.991,,403.0,4860.0,481.0,730.0,62.0,,,4188.0,,,,8297.0,1592.0,5246.0,,,,,6070.0,3220.0,,443.0,4736.0,,5252.591,,,13034.0,,7685.0,38371.0,,31499.0,758.0,,,42666.0,,29806.0,,,12092.0,,127910.0,12232.0,45904.0,21488.0,96582.0,14324.533,,,25770.0,16800.0,24175.0,7331.0,107000.0,,113742.838,,,,23457.0,258.0,,,,,8056.0,30513.0,3035.0,19417.0,,44576.0,,,5921.27,4940.0,3057.0,29493.0,19985.255,,0.564,0.465,,,0.247,0.578,,,0.693,,0.522,,,0.765,,0.722,0.695,0.463,0.629,0.538,0.701,,,0.541,0.568,0.741,0.523,0.77,,0.778,,,,7282.0,33511.0,,30769.0,,,26871.0,,,,,10640.0,,,,,,19700.0,13580.0,,,102264.0,,108490.0,
2016,30083.0,,7338.0,,3690.5,,45816.0,7670.0,382.0,6715.284,,28536.0,,15711.0,,,9321.0,,93300.0,,21129.0,,,156744.0,10737.585,,,480.3,14299.0,10350.0,19525.0,3939.0,85744.0,,85341.732,,,712.0,0.0,,,,4690.0,,,,,731.905,150.0,980.0,10417.0,95.0,9820.0,,,6176.0,,6958.0,382.0,,,,4631.0,89800.0,,,,10005.68,,,14149.0,9370.0,9108.0,3844.0,75924.0,85341.732,,403.0,,440.0,507.0,62.0,,,4188.0,,,,,,3324.0,,,,,6070.0,3100.0,,473.0,5602.0,,5064.858,,,13008.0,,7685.0,,,33853.0,758.0,,,41643.0,,29806.0,,,12079.0,,,,45904.0,,,14271.903,,,25770.0,17220.0,24380.0,6797.0,107000.0,,113754.132,,,,26388.0,314.0,,,,,2758.0,,,21451.0,,,,,5551.0,4750.0,2385.0,25474.0,23347.541,,0.564,0.48,,,0.227,0.504,,,0.685,,0.527,,,0.772,,,,0.46,,,0.752,,,0.555,0.601,0.801,0.58,0.801,,0.75,,,,7282.0,,,33346.0,,,,,,,,,,,,,,,14120.0,,,101398.0,,108689.0,
1985,16687.0,19130.0,,,,,,,326.0,,,9626.0,,,,,,,,,,,,168722.0,,,,,,,15411.0,,55200.0,47965.0,,2651.0,2154.0,,,,,,,,,,,,,,,,,,16976.0,,,,,,,,,,,,,,480160.0,,,,,,,,2870.0,,,,,140.0,,,,,,,,,,,,,133061.0,,,,,,3392.0,,,31416.0,,,,30422.0,,,661.0,,,,,,,,,,,,,,,,,772291.0,,,18975.0,,75840.0,79414.0,,,11570.0,,,,,,,,,,,,,,,159070.0,,,,,,0.609,,,,,,0.493,,,,,,,,,,,,,,,,,0.751,,,0.812,,0.728,0.604,,,28546.0,,,,,,521.0,,,,,,,,,,,,639230.0,,,,,,76022.0,,
1990,17564.0,,7415.0,,1835.0,13337.0,37613.0,2223.0,476.0,8157.204,1278.0,11486.0,4400.0,13958.0,26197.0,13852.0,5276.0,17741.207,60400.0,,16448.0,7890.0,22999.38,162567.0,3770.0,,2435.0,413.4,,,14775.0,1755.0,55100.0,54610.0,,2383.0,,,,,7521.0,693.0,2604.0,1700.0,,,38.43,,,,10886.0,,,17295.0,,5945.0,13337.0,,,,18676.0,13159.0,2672.0,58700.0,,,22960.95,,519863.0,,,,3890.0,,,,,,4005.0,947.0,,1992.0,,,3243.0,8949.0,1114.0,1387.855,2109.0,,,,2221.16,28.926,150536.0,,,2800.0,,,3917.0,,,,11002.0,,,31784.0,69000.0,14456.0,661.0,,2325.0,20123.0,5176.0,26426.0,52672.0,19678.0,9739.0,30088.557,94060.456,10822.0,31834.0,19282.0,76707.05,8856.0,5301.0,768893.0,,,18893.0,4887.0,80740.0,86727.0,,,,14442.0,,,,,25047.0,5405.0,4463.0,33251.456,,,,51524.94,2837.074,98494.0,,,3132.0,,,,0.674,,0.42,0.545,0.154,0.72,,0.55,0.571,0.85,0.528,0.497,0.704,0.542,0.59,0.642,,0.517,0.409,0.3,0.426,0.459,0.841,,,0.782,0.359,0.682,0.63,,,,,,27779.0,68053.0,,-1331.0,2204.0,23183.0,43723.0,18564.0,28700.702,91951.456,,,,74485.89,5272.074,618357.0,,,16093.0,,,82810.0,,
1995,19560.0,,6049.0,0.2,2338.0,10101.0,29285.0,1831.0,345.0,6302.417,1455.0,16183.0,4400.0,12812.0,30532.0,11200.0,5323.0,,,,14902.0,9503.0,,188497.0,5587.179,,,615.6,,,13704.0,1675.0,63571.0,58539.0,67268.0,1856.0,,,,,8040.0,200.0,2986.0,,,,,,,,8706.0,,,19560.0,,4868.0,10101.0,,,,22492.0,11000.0,2337.0,,,,,,493146.0,,,,4999.0,,,67268.336,,,4098.276,1012.0,3.0,,166.0,,3405.0,12431.0,,,,,,,,,136569.0,,,2200.0,,,3945.0,2856.0,,,11422.0,,,32526.0,75167.0,13020.0,660.0,34747.0,2778.0,27624.0,,27473.0,51867.0,,10350.0,,,,34278.0,21070.0,,9500.0,,792788.0,,,19839.0,,85820.0,93695.0,120206.971,,,18326.724,,,,,16944.0,,5027.0,,,,,,,163073.0,,,,,50082.65,,0.53,,0.311,0.39,0.141,0.523,0.181,0.524,0.586,,0.466,0.589,,0.514,,,,0.435,0.451,,0.588,,0.751,,,0.691,,0.741,0.625,0.56,,,,,28427.724,74155.0,13017.0,,2612.0,24068.0,39436.0,,,,,,,,,656219.0,,,17639.0,,,89750.0,117350.971,
2000,24407.727,,7287.0,,3043.0,14327.0,24650.0,2438.0,316.0,9429.8,1354.0,18196.0,3457.0,12048.0,32531.0,12650.0,6218.0,16873.389,71200.0,7838.0,12880.0,9678.0,35892.04,202372.0,10556.467,86489.0,2609.0,205.0,15734.4,,16005.0,3193.0,69973.0,,91175.0,1972.0,,,,,4874.0,632.0,3021.0,2120.0,3038.0,,177.55,508.749,,,3644.0,,,24407.0,,5902.0,14327.0,,,,27657.0,12018.0,3197.0,69080.0,4800.0,,35714.49,10047.718,488536.0,1775.991,,,12361.0,,,91174.993,,,4348.0,837.0,1373.0,,155.0,,3713.0,18118.0,1143.0,1551.741,4627.0,2041.0,2256.0,,4116.79,1035.0,169248.0,,,,,,,2890.0,,,11711.0,37.0,4257.0,34510.0,85000.0,19818.0,,,2381.0,32274.0,5289.0,29889.0,61028.0,20197.0,11204.0,33641.608,91309.645,10371.0,,21070.0,79866.9,12955.955,10678.0,839530.0,,,21944.0,5382.0,94070.0,,121650.554,,,15835.0,,,,,15253.0,7036.0,4986.0,17602.645,3530.0,,,40035.62,7037.0,181746.0,,,2189.0,,27585.278,,0.622,0.715,0.415,0.29,0.123,,,0.569,0.564,0.654,0.403,0.533,0.626,0.555,0.502,0.78,0.756,,0.459,0.449,0.815,0.244,0.729,,,0.729,0.593,0.744,,0.749,,,,,30162.0,84163.0,18445.0,,2226.0,26176.0,42910.0,19054.0,32089.867,86682.645,8330.0,,,75750.11,9643.0,670282.0,,,,,,,118760.554,
2001,24474.0,,7011.0,,,,,,,8124.571,,19287.0,,,,11909.849,6185.0,,,,,,,187300.0,12403.272,89287.0,,,14125.1,,15931.0,1559.0,67723.0,,72315.0,1529.0,,,,,,595.492,2442.0,,,,,484.688,,,2630.0,,,,,5810.0,,,,,,11314.356,3743.0,,,,,11918.584,467989.0,,,,13301.0,,,72314.569,,,,,,,,,,,,,,,,,,,178586.0,,,,,,,2897.0,,,11973.0,,,,,,,,,33310.0,,,,,11299.0,,,,,,,13098.128,,849659.0,,,22277.0,,95880.0,,121921.632,,,,,,,,,,5114.0,,,,,,,203084.0,,,,,46710.339,,0.586,,,,,,,,0.579,,,,,0.547,,,,,,,0.947,,0.697,,,0.715,,0.706,,0.593,,,,,,,,,,,,,,,,,,,,671073.0,,,,,,,119024.632,
2002,24296.0,,7013.0,,,,,,,6664.72,,20940.0,,,,11501.143,6248.0,,,,,,,198231.0,10134.305,94656.0,,,14812.6,,16116.0,1397.0,68711.0,70658.0,76350.41,1586.0,,,,,,575.057,2158.0,,,,,382.473,,,4669.0,,,,,5836.0,,,,,,10926.086,4090.0,,,,,9751.832,451248.0,,,,11446.0,,,76350.41,,,,,,,,,,,,,,,,,,,187211.0,,,,,,6787.0,3790.012,,,12061.0,,,,,,,,,34282.0,,,,,11391.0,,,,,,,13007.093,,875596.0,,,22332.0,,97690.0,97496.0,119921.023,,,,,,,,,,5143.0,,,,,,,237137.0,,,,,39780.613,,0.581,,,,,,,,0.611,,,,,0.549,,,,,,,0.779,,0.656,,,0.722,,0.703,0.725,0.637,,,,,,,,,,,,,,,,,,,,688385.0,,,,,,90709.0,119309.795,
2003,25819.0,,7085.0,,,,,,,6996.77,,22472.0,,,,12701.785,6652.0,,,,,,,184273.0,9834.424,111915.0,,,14207.391,,16780.0,1572.0,69896.0,64132.0,87561.641,1650.0,,,,,,635.089,2676.0,,,,,590.6,,,9081.0,,,,,5784.0,,,,,,12066.696,3976.0,,,,,9243.824,441436.0,,,,7698.0,,,87561.641,,,,,,,,,,,,,,,,,,,195836.0,,,,,,6904.0,3783.926,,,12308.0,,,,,,,,,35142.0,,,,,11451.0,,,,,,,13080.67,,901533.0,,,22356.0,,99500.0,99010.0,119728.501,,,,,,,,,,4799.0,,,,,,,264261.0,,,,,28382.859,,0.576,,,,,,,,0.639,,,,,0.581,,,,,,,0.752,,0.626,,,0.751,,0.702,0.648,0.731,,,,,,,,,,,,,,,,,,,,705697.0,,,,,,92106.0,108713.154,
1991,,17925.0,,,,,,,,7688.515,,13454.0,,,,,,,,,,,,160880.0,4330.353,,,,,,11915.0,1664.0,,55696.0,,2300.0,1942.0,,,,,,,,,,,,,,7690.0,,,,15983.0,,,,,,,,,,,,,,529553.0,,,,4225.0,,,,3538.0,,,,,,,,,,,,,,,,,,155269.0,,,,,,3949.0,,,27337.0,,,,,,,,,,21534.0,,,,,,,,,,,,,,767908.0,,,19171.0,,,88127.0,,,7816.0,,,,,,,,,,,,,,,83086.0,,,,,,0.656,,,,,,,,,0.625,,,,,,,,,,,,,,0.864,,,0.622,,,0.632,,,23799.0,,,,,,,,,,,,,,,,,,612639.0,,,,,,84178.0,,
1997,,17490.0,6713.0,,,,,,,7711.809,,16074.0,,,,,,,,,,,,188750.0,9033.464,,,,,,14952.0,1580.0,,61554.0,71296.0,1985.0,1030.0,,,,,,,,,,,,,,6126.0,,,,16460.0,5404.0,,,,,,,,,,,,,483326.0,,,,8826.0,,,71295.738,2337.0,,,,,,,,,,,,,,,,,,141234.0,,,,,,3880.0,2870.0,,31255.0,11547.0,,,,,,,,,29515.0,,,,,,,,,,,,,,809140.0,,,20171.0,,,96446.0,120817.869,,12458.0,,,,,,,,,,,,,,,184580.0,,,,,46651.631,0.56,0.581,,,,,,,,0.545,,,,,,,,,,,,,,0.724,,,0.741,,,0.638,0.59,,28918.0,,,,,,,,,,,,,,,,,,667906.0,,,,,,92566.0,117947.869,
1996,,,6604.0,,,,,,,6843.786,,16692.0,,,,,,,,,,,,183375.0,6189.383,,,,,,13947.0,1632.0,,60248.0,67806.0,2009.0,,,,,,,,,,,,,,,7597.0,,,,,5321.0,,,,,,,,,,,,,482261.0,,,,6349.0,,,67805.999,,,,,,,,,,,,,,,,,,,131896.0,,,,,,3917.0,2864.0,,,11493.0,,,,,,,,,28393.0,,,,,,,,,,,,,,799010.0,,,19949.0,3200.0,,95088.0,120529.292,,,,,,,,,,,,,,,,,184853.0,,,1568.0,,49859.649,,0.575,,,,,,,,0.588,,,,,,,,,,,,,,0.723,,,0.699,0.51,,0.634,0.563,,,,,,,,,,,,,,,,,,,,667114.0,,,,,,91171.0,117665.292,
1998,,,6579.0,,,,,,,8330.982,,16705.0,,,,,,,,,,,,176957.0,9811.156,,,,,,15507.0,1487.0,,63386.0,72048.0,1691.0,,,,,,,,,,,,,,,4256.0,,,,,5270.0,,,,,,,,,,,,,478435.0,,,,11251.0,,,72047.576,,,,,,,,,,,,,,,,,,,150572.0,,,,,,3841.0,2877.0,,,11594.0,,,,,,,,,30183.0,,,,,,,,,,,,,,819270.0,,,20393.0,,,96798.0,121095.697,,,,,,,,,,,,,,,,,190263.0,,,,,46171.021,,0.567,,,,,,,,0.553,,,,,,,,,,,,,,0.715,,,0.76,,,0.655,0.595,,,,,,,,,,,,,,,,,,,,668698.0,,,,,,92957.0,118218.697,
1999,,,6901.0,,,,,,,8496.726,,15814.0,,,,,,,,,,,,199574.0,10860.423,,,,,,15741.0,1492.0,,63285.0,71843.0,2215.0,,,,,,,,,,,,510.898,,,4141.0,,,,,5724.0,,,,,,,,,,,,10349.525,478136.0,,,,11601.0,,,71842.789,,,,,,,,,,,,,,,,,,,159910.0,,,,,,3800.0,2884.0,,,11704.0,,,,,,,,,31172.0,,,,,,,,,,,,,,829400.0,,,20836.0,,,97127.0,121370.243,,,,,,,,,,,,,,,,,191354.0,,,,,46643.831,,0.59,,,,,,,,0.507,,,,,,,,,,,,,,0.714,,,0.755,,,0.652,0.592,,,,,,,,,,,,,,,,,,,,669490.0,,,,,,93327.0,118486.243,
2017,,,7576.0,,3894.0,,,6750.0,432.0,7072.005,1321.0,31411.0,,16056.0,,,9393.0,,90900.0,,20196.0,,,,10992.0,,,446.53,14700.0,10610.0,21487.0,4270.782,87191.0,,,,,802.0,0.0,37.0,,,4941.0,,,,,699.928,150.0,970.0,13015.0,130.064,9163.0,,,6317.0,,5948.0,432.0,1284.0,,,4452.0,87400.0,,,,10292.072,,,14550.0,9640.0,8472.0,4140.718,78028.0,,,292.93,,,100.0,62.0,158.0,,4188.0,,,,,,2763.0,,,,,6070.0,3120.0,,488.718,5602.0,,,,,12984.0,,8532.0,,,29964.0,758.0,,2662.0,41645.0,,29806.0,,,12023.0,,,,45904.0,,,14401.577,,,25770.0,17940.0,24518.0,6345.671,107000.0,,,,,,23916.0,264.0,1220.0,,,,2630.0,,,22945.0,,,,,5150.0,5180.0,1586.17,23370.0,,,0.583,0.456,,,0.225,0.57,,0.496,0.754,,0.539,,,0.781,,,,0.44,,,0.763,,,0.57,0.591,0.876,0.673,0.815,,,,,,8239.0,,,29864.0,,2504.0,,,,,,,,,,,,,14820.0,,,101398.0,,,
1986,,,,,,,,,,8958.542,,10195.0,,,,,,,,,,,,177190.0,,,,,,,14581.0,,,48910.0,,2974.0,,,,,,,,,,,,,,,,,,,,,,,,,,,,,,,,,516862.0,,,,,,,,,,,,,,,,,,,,,,,,,,131604.0,,,,,,3549.0,,,,,,,,,,,,,,,,,,,,,,,,,,,772841.0,,,18890.0,,,80906.0,,,,,,,,,,,,,,,,,,124375.0,,,,,,,,,,,,,,,,,,,,,,,,,,,,,0.806,,,0.772,,,0.605,,,,,,,,,,,,,,,,,,,,,641237.0,,,,,,77357.0,,
1987,,,,,,,,,,9790.839,,9613.0,,,,,,,,,,,,191685.0,,,,,,,14287.0,,,49849.0,,2821.0,,,,,,,,,,,,,,,,,,,,,,,,,,,,,,,,,520383.0,,,,,,,,,,,,,,,,,,,,,,,,,,136337.0,,,,,,3684.0,,,,,,,,,,,,,,,,,,,,,,,,,,,771854.0,,,18867.0,,,82392.0,,,,,,,,,,,,,,,,,,115134.0,,,,,,,,,,,,,,,,,,,,,,,,,,,,,0.819,,,0.757,,,0.605,,,,,,,,,,,,,,,,,,,,,635517.0,,,,,,78708.0,,
1988,,,,,,,,,,9314.384,,9688.0,,,,,,,,,,,,190616.0,,,,,,,14000.0,,,52271.0,,2789.0,,,,,,,,,,,,,,,,,,,,,,,,,,,,,,,,,,,,,,,,,,,,,,,,,,,,,,,,,,,,,,,,,3790.0,,,,,,,,,,,,,,,,,,,,,,,,,,,,,,18928.0,,,83889.0,,,,,,,,,,,,,,,,,,,,,,,,,,,,,,,,,,,,,,,,,,,,,,,,,,0.74,,,0.623,,,,,,,,,,,,,,,,,,,,,,,,,,,80099.0,,
1989,,,,,,,,,,8888.276,,10619.0,,,,,,,,,,,,188254.0,,,,,,,13635.0,,,53453.0,,2388.0,,,,,,,,,,,,,,,,,,,,,,,,,,,,,,,,,522759.0,,,,,,,,,,,,,,,,,,,,,,,,,,145803.0,,,,,,3865.0,,,,,,,,,,,,,,,,,,,,,,,,,,,769880.0,,,19078.0,,,85312.0,,,,,,,,,,,,,,,,,,101318.0,,,,,,,,,,,,,,,,,,,,,,,,,,,,,0.838,,,0.715,,,0.627,,,,,,,,,,,,,,,,,,,,,624077.0,,,,,,81447.0,,
1992,,,,,,,,,,7682.061,,13903.0,,,,,,,,,,,,170131.0,3009.721,,,,,,10917.0,1666.0,,57125.0,,2242.0,,,,,,,,,,,,,,,5985.0,,,,,,,,,,,,,,,,,,507356.0,,,,4932.0,,,,,,,,,,,,,,,,,,,,,,150594.0,,,,,,3964.0,,305.0,,,,,,,,,,,22906.0,,,,,,,,,,,,,,774128.0,,,19503.0,,,89518.0,,4117.0,,,,,,,,,,,,,,,,116178.0,,,,,,,,,,,,,,,0.607,,,,,,,,,,,,,,0.814,,,0.56,,,0.638,,0.545,,,,,,,,,,,,,,,,,,,623534.0,,,,,,85554.0,,3812.0
1993,,,,,,,,,,6349.356,,14690.0,,,,,,,,,,,,175999.0,3415.292,,,,,,11533.0,1546.0,,56322.0,63491.003,2231.0,,,,,,,,,,,,,,,8977.0,,,,,,,,,,,,,,,,,,487065.0,,,,2555.0,,,63491.003,,,,,,,,,,,,,,,,,,,145919.0,,,,,,3966.0,2841.0,,,,,,,,,,,,24614.0,,,,,,,,,,,,,,780348.0,,,19800.0,,,90876.0,119560.069,,,,,,,,,,,,,,,,,147364.0,,,,,53228.45,,,,,,,,,,0.597,,,,,,,,,,,,,,0.768,,,0.582,,,0.62,0.531,,,,,,,,,,,,,,,,,,,,634429.0,,,,,,86910.0,116719.069,
1994,,,,,,,,,,6406.75,,14871.0,,,,,,,,,,,,183261.0,5085.519,,,,,,13244.0,1611.0,,57348.0,66085.579,2398.0,,,,,,,,,,,,,,,10287.0,,,,,,,,,,,,,,,,,,486830.0,,,,2957.0,,,66085.579,,,,,,,,,,,,,,,,,,,141244.0,,,,,,3960.0,2848.0,,,,,,,,,,,,26240.0,,,,,,,,,,,,,,786568.0,,,19739.0,,,92289.0,119881.541,,,,,,,,,,,,,,,,,158494.0,,,,,50947.709,,,,,,,,,,0.567,,,,,,,,,,,,,,0.754,,,0.671,,,0.621,0.551,,,,,,,,,,,,,,,,,,,,645324.0,,,,,,88329.0,117033.541,
1981,,,,,,,,,,,,10245.0,,,,,,,,,,,,144736.0,,,,,,,14890.0,,,,,,,,,,,,,,,,,,,,,,,,,,,,,,,,,,,,,,410415.0,,,,,,,,,,,,,,,,,,,,,,,,,,138905.0,,,,,,,,,,,,,,,,,,,,,,,,,,,,,,,,,770095.0,,,18951.0,,,,,,,,,,,,,,,,,,,,,220775.0,,,,,,,,,,,,,,,,,,,,,,,,,,,,,0.65,,,0.786,,,,,,,,,,,,,,,,,,,,,,,,631190.0,,,,,,,,
1982,,,,,,,,,,,,9753.0,,,,,,,,,,,,127202.0,,,,,,,14595.0,,,45461.0,,,,,,,,,,,,,,,,,,,,,,,,,,,,,,,,,,,425727.0,,,,,,,,,,,,,,,,,,,,,,,,,,137444.0,,,,,,2839.0,,,,,,,,,,,,,,,,,,,,,,,,,,,770644.0,,,18923.0,,,74950.0,,,,,,,,,,,,,,,,,,207473.0,,,,,,,,,,,,,,,,,,,,,,,,,,,,,0.672,,,0.771,,,0.607,,,,,,,,,,,,,,,,,,,,,633200.0,,,,,,72111.0,,
1983,,,,,,,,,,,,9358.0,,,,,,,,,,,,155983.0,,,,,,,14587.0,,,46265.0,,,,,,,,,,,,,,,,,,,,,,,,,,,,,,,,,,,464956.0,,,,,,,,,,,,,,,,,,,,,,,,,,135983.0,,,,,,3033.0,,,,,,,,,,,,,,,,,,,,,,,,,,,771193.0,,,18991.0,,,76396.0,,,,,,,,,,,,,,,,,,170254.0,,,,,,,,,,,,,,,,,,,,,,,,,,,,,0.732,,,0.768,,,0.606,,,,,,,,,,,,,,,,,,,,,635210.0,,,,,,73363.0,,
1984,,,,,,,,,,,,9266.0,,,,,,,,,,,,167824.0,,,,,,,14974.0,,,46885.0,,,,,,,,,,,,,,,,,,,,,,,,,,,,,,,,,,,484669.0,,,,,,,,,,,,,,,,,,,,,,,,,,134522.0,,,,,,3220.0,,,,,,,,,,,,,,,,,,,,,,,,,,,771742.0,,,18968.0,,,77896.0,,,,,,,,,,,,,,,,,,152551.0,,,,,,,,,,,,,,,,,,,,,,,,,,,,,0.761,,,0.789,,,0.602,,,,,,,,,,,,,,,,,,,,,637220.0,,,,,,74676.0,,
1960,,,,,,,,,,,,,,,,,,,,,,,,,,,,,,,9375.0,,,,,,,,,,,,,,,,,,,,,,,,,,,,,,,,,,,,,,289368.0,,,,,,,,,,,,,,,,,,,,,,,,,,119355.0,,,,,,,,,,,,,,,,,,,,,,,,,,,,,,,,,579389.0,,,,,,,,,,,,,,,,,,,,,,,,170666.0,,,,,,,,,,,,,,,,,,,,,,,,,,,,,0.629,,,,,,,,,,,,,,,,,,,,,,,,,,,460034.0,,,,,,,,
