COU,DNK,DNK,SWE,SWE,SWE,SWE,USA,USA,USA,RUS,RUS,JPN,JPN,JPN,ESP,ESP,ESP,GBR,GBR,ZAF,BRA,NZL,NZL,NZL,PRT,PRT,AUS,AUS,AUS,CAN,CAN,BEL,BEL,BEL,BEL,BEL,FIN,FIN,FIN,FRA,FRA,FRA,DEU,DEU,DEU,DEU,ISL,ISL,ITA,ITA,ITA,ITA,ITA,NLD,NLD,NLD,NLD,NLD,NOR,NOR,NOR,NOR
VAR,ENTRIES,BANKRUPTCIES,ENTRIES,ENTRIES,BANKRUPTCIES,BANKRUPTCIES,ENTRIES,BANKRUPTCIES,EXITS,ENTRIES,EXITS,ENTRIES,BANKRUPTCIES,EXITS,ENTRIES,BANKRUPTCIES,EXITS,ENTRIES,BANKRUPTCIES,BANKRUPTCIES,BANKRUPTCIES,ENTRIES,BANKRUPTCIES,EXITS,ENTRIES,EXITS,ENTRIES,ENTRIES,BANKRUPTCIES,ENTRIES,EXITS,ENTRIES,ENTRIES,BANKRUPTCIES,EXITS,EXITS,ENTRIES,BANKRUPTCIES,EXITS,ENTRIES,ENTRIES,BANKRUPTCIES,ENTRIES,ENTRIES,BANKRUPTCIES,EXITS,ENTRIES,BANKRUPTCIES,ENTRIES,ENTRIES,BANKRUPTCIES,EXITS,EXITS,ENTRIES,ENTRIES,BANKRUPTCIES,BANKRUPTCIES,EXITS,ENTRIES,ENTRIES,BANKRUPTCIES,BANKRUPTCIES
MEA,INDEX,INDEX,INDEX,INDEX,INDEX,INDEX,INDEX,INDEX,INDEX,INDEX,INDEX,INDEX,INDEX,INDEX,INDEX,INDEX,INDEX,INDEX,INDEX,INDEX,INDEX,INDEX,INDEX,INDEX,INDEX,INDEX,INDEX,INDEX,INDEX,INDEX,INDEX,INDEX,INDEX,INDEX,INDEX,INDEX,INDEX,INDEX,INDEX,INDEX,INDEX,INDEX,INDEX,INDEX,INDEX,INDEX,INDEX,INDEX,INDEX,INDEX,INDEX,INDEX,INDEX,INDEX,INDEX,INDEX,INDEX,INDEX,INDEX,INDEX,INDEX,INDEX
ISIC4,01_99,01_99,01_99,01_99C,01_99,01_99C,01_99,01_99C,01_99,01_99,01_99,01_99,01_99C,01_99,01_99C,01_99,01_99C,01_99C,01_99C,01_99,01_99,01_99C,01_99C,01_99C,01_99C,01_99C,01_99,01_99C,01_99C,01_99C,01_99C,01_99,01_99C,01_99,01_99,01_99C,01_99,01_99,01_99,01_99,01_99C,01_99C,01_99,01_99C,01_99,01_99,01_99,01_99,01_99,01_99C,01_99,01_99,01_99C,01_99,01_99C,01_99,01_99C,01_99C,01_99,01_99C,01_99,01_99C
2001-Q1,60.81022136,85.06133792,,,,123.5667633,97.65264078,,95.51801266,,,93.61947496,,94.86199981,80.22679842,,60.65907778,,,131.3009976,282.9649249,,,,,,,61.75307477,86.24674561,85.39943997,124.2001398,,,81.99541936,,,64.97665053,120.4577975,86.00186153,65.87247013,56.45252769,90.75393465,,,,,,,99.58502179,111.5027827,179.7895095,69.78787502,47.80857683,,,67.84888994,85.07006168,,72.56673384,66.9448298,128.0530888,108.6850885
2001-Q2,60.49634027,91.62941085,,,,124.0287254,96.95524963,,96.00929687,,,90.46986527,,98.14387789,78.61253185,,61.95245307,,,134.2878934,276.6622435,,,,,,,61.44728982,88.60607508,84.48010089,124.1690958,,,82.27880958,,,64.61180871,123.6714583,86.29011899,65.26333725,56.15148281,92.34709053,,,,,,,99.06223122,111.267792,182.6781079,71.0286981,50.2664976,,,72.49704003,89.00729003,,73.49612873,64.62113065,123.6913815,110.5912948
2003-Q3,63.43608506,104.3790374,,,,136.2220268,94.05619356,,89.80133475,,,80.93743388,,107.5521251,88.89556976,,74.74763086,96.75856549,,131.6371044,301.3427641,,,,,,,99.01496539,88.34436005,83.6003882,116.036797,,,77.46994054,,,73.95901226,123.6125964,89.75574746,75.45035599,67.71857509,91.73465773,,,110.9042899,,,,100.4602749,92.84637233,174.485546,69.77353312,51.47994422,,,115.9561452,149.3308662,,78.93143647,62.91925823,187.8415445,164.254447
2003-Q4,64.19931222,106.4954349,,,,134.8905005,95.81192051,,89.37788765,,,81.20596185,,105.0191291,92.99802316,,76.91479605,98.46256916,,128.5141958,304.7101505,,,,,,,101.4494178,85.53431887,94.00468826,117.1561743,,,77.67807331,,,76.04641107,122.5117881,90.45836282,79.52483615,72.80255315,92.34552953,,,110.9215444,,,,100.7757088,83.81537445,179.4988328,71.07237629,55.66481627,,,117.0834249,148.9543878,,81.02320236,65.60849318,171.4545439,156.5639893
2004-Q1,66.08855772,109.2625986,,,,132.7627979,97.45936443,,89.55272072,,,81.79972393,,101.9539087,94.09182341,,75.90059794,83.3874967,97.66136838,122.51224,287.1207918,,,,,,,102.4144114,87.39769127,94.76582657,118.1392116,,,78.52386778,,,77.65467966,116.1995818,91.23519479,83.06793518,77.04996774,92.63750155,,,111.5811825,,,,100.9970468,78.56876544,184.3612332,72.99870663,61.2743591,,,118.569522,150.0155347,,83.62743605,67.80929804,157.6704063,146.5372116
2004-Q2,69.19005824,109.9796774,,,,128.8158357,98.41912424,,90.07351664,,,82.07018204,,99.42992281,93.08879272,,73.68668597,84.96644506,96.00486569,116.4404033,275.878553,,,,,,,101.9078497,88.56977087,95.78916805,117.5692109,,,79.0451212,,,78.01088948,108.6816215,91.87438012,83.85801928,78.69296641,92.74052293,,,112.0100763,,,,100.9774363,80.61559654,190.0257263,74.71367147,64.61401584,,,119.4091932,145.3775244,,86.10305138,69.50494909,153.8514045,138.8467048
2004-Q3,72.51595846,107.5066443,,,,124.3662385,99.33388902,,90.35251079,,,82.86626321,,98.27737625,93.00283934,,70.60765411,85.99258305,94.9469454,112.119459,268.6878522,,,,,,,101.2617531,87.41487303,96.5743422,116.0168512,,,79.87790538,,,78.66462386,105.754787,92.19491619,82.05265493,77.48132353,93.3655696,,,111.7796699,,,,100.6542866,84.35229966,193.0816782,75.81436887,65.44911317,,,118.9508686,143.8257301,,88.18725617,71.65760793,151.8385985,136.3027951
2004-Q4,75.58997449,102.53227,,,,119.9133802,100.3005127,,90.12213201,,,84.21397994,,98.57237358,93.23186733,,67.12747745,86.95947669,93.97157881,109.4416993,253.4639405,,,,,,,101.0228603,86.38212289,96.88758607,126.9039538,,,81.36175553,,,79.67608619,105.1630203,92.21361849,80.12115949,76.26558318,94.90773577,,,111.3324341,,,,100.2153443,86.96735867,193.6945682,76.86356145,66.90967253,,,120.2736794,146.054132,,89.91990974,74.41008128,148.6525566,134.4972007
2005-Q1,78.27986097,99.51567132,,,,116.6993448,101.3035677,,89.85708401,,,85.57789744,,99.53314622,94.87268764,77.64595644,67.05633616,87.93845116,95.33602557,107.2058969,240.2107137,,,,75.65723568,91.7895412,,101.1502638,87.85102696,96.9777194,127.7972337,,,83.63324485,,,81.16794778,104.652023,92.37244679,81.0642075,77.28570098,96.11125762,,,111.3993747,,,82.79613016,99.84849204,88.25211539,196.9221407,78.22457097,69.48172726,,,126.2122567,145.831721,,91.58450762,76.98385144,143.7702099,126.9286855
2005-Q2,80.64129462,103.8674556,,,,114.7209866,102.5524684,,89.84398736,,,87.11008072,,100.1861158,100.2333113,90.1441056,69.65676347,88.16270174,101.6905343,104.0563612,215.512559,,,,80.4084846,90.43055352,,101.3910558,93.5537788,96.9164861,129.6243957,,,87.00442427,,,83.47527789,103.359877,92.7484886,84.13290108,79.6128963,95.50284194,,,111.6223805,,,85.88358392,99.7125644,89.75161057,200.3889456,79.77429716,70.32069444,,,129.2249847,141.8470059,,93.54369376,79.03041797,132.7625207,118.9940137
2005-Q3,83.14466041,107.9819406,,,,111.6493843,103.7123546,,90.47879712,,,88.47285367,,99.71483166,103.6757329,96.54310185,71.37819168,88.52546198,105.0477294,99.87439387,175.4981473,,,,82.62959555,92.10581398,,100.9955213,100.5531916,96.11025592,129.6825759,,,90.50377235,,,85.52930533,100.5839614,93.01960473,84.31510737,80.91160205,93.86349782,,,110.8049868,,,83.8502071,99.59401734,91.79310385,200.9424708,81.21339648,69.96833188,,,126.9643391,138.8332248,,95.9927465,80.32386445,116.5394169,116.6987843
2005-Q4,86.0763553,102.2804244,,,,107.7689872,104.153735,,91.5450396,,,89.53080008,,98.09996848,103.9795602,93.99747348,74.42359255,89.26726196,104.2649698,96.06308188,153.5953829,,,,84.07374091,95.20673895,,101.7859408,104.7754825,94.72047021,127.3954757,,,93.56819183,,,87.26201938,99.57950191,93.36511931,84.63094446,81.97833983,91.78888098,,,109.6040872,,,81.86811891,99.54885045,96.32918887,199.6165882,82.5627343,71.06777551,,,125.5692308,137.1242404,,99.24616234,103.6763099,103.4285889,116.552896
2001-Q3,60.0615708,101.2879483,,,,125.0283557,96.12294793,,95.9274016,,,87.68622246,,100.6523955,77.66044033,,62.60810323,,,137.1100443,289.3709546,,,,,,,61.28395447,89.65028776,84.24490862,123.014328,,,81.86645482,,,64.763901,127.5954586,86.5645458,65.19612996,56.42904718,91.24234192,,,,,,,98.20181491,105.2626911,183.8295794,71.40119348,51.55125039,,,76.79698947,95.97808705,,74.61728035,62.07933237,122.6923495,115.5188363
2006-Q1,89.20430348,89.72819359,,,,104.3096513,103.8948179,59.13821532,92.73451305,,,90.8127224,,96.18410387,104.2966112,90.3379349,77.97528513,90.4295474,103.5064623,94.31326924,147.2195596,,,,90.89232187,97.01001945,,104.4796468,105.1279455,94.06954018,124.7955076,,,95.89386551,,,89.24473207,101.1788735,94.00365667,86.74874412,83.81172825,90.54631956,,,108.6966184,98.99202694,,83.76261993,99.63011448,99.54122159,193.2055905,84.3278382,72.62955328,,,124.1022406,131.9112116,,102.008854,104.5468805,100.2757028,114.8479705
2006-Q2,92.19596958,81.50219763,,,,102.713799,103.1296291,66.88562338,94.06220827,,,93.01343036,,94.85848822,106.1543494,85.41724764,79.28308219,91.14953226,101.6655585,94.67448451,140.4300668,,,,93.24450084,98.50257242,,108.7453178,102.80246,94.57240054,122.5666059,,,96.76143177,,,91.88421368,101.8484813,94.86611725,86.4518809,84.30654537,92.38511827,,,107.492673,99.17960357,,87.06257945,99.74327401,95.02676671,179.6788038,86.41943596,73.43477107,,,119.4620995,122.1272317,,103.3498324,105.1020376,103.2630397,114.9414316
2006-Q3,94.93415686,81.4993903,,,,103.5287941,102.4795731,74.50715819,94.95044399,,,96.24866987,,94.9113687,108.707802,84.10871588,82.69276322,92.4712497,101.4741809,95.90479977,130.4675376,,,,89.46534824,99.3659394,,115.3151211,101.2350136,95.95714163,120.3618409,,,97.26438674,,,95.35106806,100.7776509,95.92565336,86.50636127,84.64053213,95.67178893,,,106.0972371,99.40881693,,91.14676581,100.2859105,93.94856768,160.5569909,88.8280854,74.48862787,,,113.0267698,111.6841835,,103.7849524,105.2080952,108.9780267,117.1391836
2006-Q4,96.8883082,89.12083617,,,,104.5810507,102.3564496,81.48780806,95.72479925,,,99.77030207,,96.42647385,109.463005,86.00463794,88.99005772,96.96333368,101.6776919,97.14789294,117.2264064,,,,90.11476689,99.01619073,,122.5768203,101.182684,97.92330376,118.531224,,,98.35833088,,,98.80945345,99.60894993,97.10421564,90.865248,88.98680919,97.93942434,,,104.4699902,99.62803309,,93.94007094,100.9929518,101.1055388,136.2816164,92.16369738,78.93915139,,,107.8190988,104.9207361,,103.1852567,104.2382406,111.5394148,114.0906422
2007-Q1,98.04819022,96.99000206,97.72348335,94.11024557,98.71440624,103.4769381,101.586953,88.08185618,97.08171242,101.1196828,125.8596615,102.4721065,96.56198854,98.54676576,108.2435444,86.57892686,95.32560746,102.836993,100.2449666,98.21943837,109.5595614,110.8705921,94.88025883,98.56828699,94.58243174,98.8142543,101.4935905,128.148347,99.56749299,99.8078033,99.91431262,99.90958491,95.65960812,99.46145346,99.80053165,103.1120655,100.3519218,99.44022101,98.24295443,95.41925271,95.54847311,99.26942853,104.0702452,98.41212368,102.3013828,99.76656228,96.23210369,96.43363414,101.1541985,104.653988,113.2414619,95.86039195,86.84902711,102.9166019,102.7537093,105.0238019,100.842312,97.5456524,102.0160587,102.082568,106.7958984,105.4394526
2007-Q2,99.47447455,97.55587695,98.38305294,98.07117887,99.65935632,100.587625,100.4200921,95.00316606,98.60250155,100.3269988,106.7810683,103.118718,98.86494572,100.2799349,104.355304,92.19857865,100.850873,104.4172058,99.65739702,99.91961117,106.1893145,103.3266605,97.74480036,99.51233833,98.36645302,97.76854729,100.8145203,90.85647012,98.37018271,100.4507049,99.96093974,100.1399372,99.0916703,100.1334873,99.84709672,100.337697,100.1908564,99.45346087,99.33350805,98.21577102,99.78824008,100.1557858,101.1235986,99.82193855,100.2505887,99.86295697,96.81970187,99.34884749,100.7453418,101.0001791,98.45213931,99.10811732,97.59770744,100.9669658,101.6504827,102.9837632,99.64406715,98.83875683,100.8950297,100.6010025,99.42367441,97.158361
2007-Q3,100.9658822,99.27232928,100.6559165,102.4482642,101.1007748,98.11234753,99.6178759,103.3953407,100.6665688,99.63353805,90.13604859,100.1698797,100.8243308,100.8756032,97.80762317,104.5303855,102.8714378,99.31710266,100.1647448,101.168537,97.76926927,96.20235457,101.7692209,100.4729407,102.1963624,98.40633443,99.64618925,91.26087858,100.3032345,99.99382311,99.75174193,100.3231369,101.8747009,100.1599498,100.0849056,98.54617613,99.82828777,99.68240605,100.521918,102.0803441,101.8324717,100.3914531,98.45335341,100.8239179,99.05077591,100.0124831,100.2227074,101.0507408,99.79157408,98.11205114,92.77464984,101.7986439,107.8814429,98.9894937,99.33010622,99.50098239,100.5495139,100.5357607,99.42063357,99.64747378,95.69469426,95.32588316
2007-Q4,101.511453,106.1817917,103.2375472,105.3703114,100.5254626,97.82308936,98.37507906,113.519637,103.6492172,98.91978026,77.22322166,94.23929582,103.7487349,100.2976961,89.59352842,116.692109,100.9520818,93.42869854,99.93289157,100.6924135,86.48185474,89.60039286,105.6057199,101.446434,104.8547528,105.010864,98.04569999,89.7343043,101.7590898,99.74766872,100.3730057,99.62734094,103.3740207,100.2451094,100.2674661,98.00406133,99.62893397,101.4239121,101.9016196,104.2846322,102.8308151,100.1833326,96.35280275,100.9420198,98.39725256,100.3579976,106.7254871,103.1667776,98.30888563,96.23378174,95.53174895,103.2328468,107.6718226,97.12693856,96.2657018,92.49145242,98.96410696,103.0798301,97.66827807,97.66895568,98.08573294,102.0763033
2008-Q1,100.7279352,116.6364971,103.6699474,105.9690643,99.21795325,100.3706919,96.38651263,125.4319685,106.8574287,98.02368187,61.27188447,88.23161215,107.807785,99.40669372,82.62447165,126.9442432,98.58206981,91.10420728,102.3705941,101.0610436,74.58211744,83.58364244,112.0764048,102.4357668,105.6435634,118.8664202,97.67013681,87.16431413,105.0737675,99.5860258,102.3185108,98.45874695,103.718845,101.7157089,100.2102198,97.52137488,99.66692983,104.5641153,103.4018996,104.4673738,103.7225695,100.8964699,94.88794881,100.5679212,97.88363494,100.9677428,114.4511824,108.5381455,96.78760934,92.59075928,104.8037325,103.2195605,102.090531,95.46557252,93.11339354,84.62376193,98.16821354,105.8306767,95.99982061,94.08512028,103.8677013,111.1390891
2008-Q2,98.89955125,133.9741516,100.7054638,103.7129057,101.8278351,105.4784088,93.80573749,141.2813143,109.7534424,96.77985975,52.89725202,82.62148834,112.5316678,99.27808895,77.04215529,225.2119887,99.59388269,91.89829886,113.2303841,104.4541204,65.26138052,78.23301926,127.9668194,103.448057,107.2235636,138.7423144,97.10772293,84.56052682,114.2231605,98.62723585,104.5281018,97.14971485,102.2887556,104.045959,100.0891673,97.01423832,99.15012252,110.4560021,104.8492186,104.7070507,104.3768843,104.0140725,94.5186085,100.048135,97.73608834,101.6587722,117.8692617,117.7349834,95.33209705,87.66401891,114.7805635,101.6253502,98.43960795,94.00976074,89.81031339,82.54449787,99.5058796,106.5469682,94.53415371,87.6671322,114.5931198,120.8050075
2001-Q4,59.97441211,109.9177615,,,,126.6025203,95.85169089,,94.9783965,,,85.38751498,,102.0371564,76.89013099,,64.66756972,,,138.1352781,299.3227906,,,,,,,61.30452474,87.2879637,85.31534757,120.7755187,,,81.8073392,,,65.24247425,129.152767,86.70321135,65.325299,56.97946094,90.27382554,,,,,,,97.52756578,96.86292902,182.9830798,71.42595516,51.91497885,,,78.8043841,101.8620412,,76.00702413,60.01543804,127.5494967,121.3807018
2008-Q3,97.36783909,163.2431122,96.73362779,100.3426071,111.3340492,113.2456709,90.92292745,162.7266242,111.1889089,95.13734123,57.16462556,82.12489163,118.0282662,100.7871104,69.90274444,381.1950054,103.9958209,93.7400745,130.0329994,110.7723054,62.80495473,73.67169312,148.2659188,104.4790759,108.3099433,159.8466026,94.52562173,81.85009908,126.8803831,97.04443677,104.9062434,95.49271383,101.9236352,106.1331593,100.0258155,96.13053803,96.76199481,120.4742374,105.9317242,101.4701202,105.0983079,110.1678116,94.06964181,99.53024711,97.7122088,102.1883731,116.2421054,126.0451657,93.65123214,83.01860063,122.9600325,98.6511323,92.84757519,92.69378875,86.98825625,87.80630733,106.5214232,106.4013472,78.99348859,79.16477919,135.2992346,131.9642661
2008-Q4,80.86379866,198.7942429,95.00398223,97.09490352,125.5098174,122.1258483,87.79453869,186.7081374,110.7658334,93.39413717,66.71654378,85.44395387,122.9254267,103.6440851,62.04927933,420.2138679,110.1517942,94.6412576,145.0195655,118.8212038,62.23514127,69.86947058,168.1663153,105.5183692,102.7380808,171.3901939,91.65725849,79.9829451,136.8016907,95.38478813,104.327439,93.36476561,98.70277813,106.8832992,100.5859378,96.40838379,92.63037477,131.6296579,106.2980767,95.17678288,91.07268038,117.3149581,94.09372679,102.0581213,98.14153425,102.4296873,114.3329022,131.5379861,92.26254075,83.47469933,130.9793431,96.18050753,88.27749225,91.43800131,85.11881771,94.19899452,121.9538854,105.4889761,77.72768132,71.28179496,159.9708838,191.6801404
2009-Q1,79.41016946,225.6818292,96.52259328,95.07299227,135.3555085,128.0597883,84.91423889,207.3702035,109.1214903,91.7734598,71.42695617,90.85975343,125.7584773,106.4813249,56.66691643,469.3396075,116.2934272,94.31830459,153.2572102,126.1886319,59.18658406,66.60548044,174.1171564,106.5600586,94.30395098,165.8203616,89.50913983,80.23772522,135.9846253,93.90479612,104.3949345,91.34849659,93.31150763,106.8420658,102.2145082,100.0506168,89.18909054,141.374353,106.0078399,149.5886407,91.27711598,122.3165493,94.79463075,107.8324056,99.81668965,102.351958,115.6686507,136.7854487,91.3323371,88.53711343,137.9984465,95.09842593,87.77208587,90.25560568,84.54583307,130.6201312,189.6424067,103.3975973,76.91280352,65.61424104,177.8431034,205.085213
2009-Q2,77.73214854,239.458494,100.2026964,95.88730169,134.5666271,128.7834814,83.12761574,219.4234941,106.2217839,90.1677152,70.10237441,95.90438285,124.0170562,108.0169833,54.38943458,481.3238046,120.8132348,94.85092118,152.7810618,131.2266582,55.73037683,63.56064819,153.6789,107.6122239,93.30212772,154.476989,88.51007336,82.23665893,127.3172378,93.2080624,97.07648436,91.09451448,92.97734007,108.1350967,104.445197,104.8529503,88.20438163,146.7699306,105.3369664,185.1426246,92.58721493,124.2079002,95.86040597,112.7736409,101.8023522,101.9833412,119.0513714,140.8749664,90.63884408,92.70892092,146.3211083,94.96946621,84.80615604,89.20100564,85.68287226,135.5292487,196.5041325,102.167376,77.13479336,63.09132603,182.3118519,209.4859899
2009-Q3,76.31601502,242.9845462,103.897494,97.45394588,128.6463155,125.9655584,82.72112547,221.2221479,102.2863313,88.79041559,67.45665512,98.28519659,118.2866354,106.9453657,55.00257443,465.0790116,126.243093,96.64432686,146.800481,134.2005065,54.65914114,74.65951873,131.3149455,108.6786864,96.67353204,149.1126862,90.11148618,85.10431732,120.6558397,93.09149519,96.60488349,93.13425204,97.06029711,109.903887,106.6490693,111.2421239,89.50715045,145.0124847,104.3084453,187.347061,96.61331818,123.2999402,98.64635638,117.1510024,102.5605676,101.4372443,121.8850928,144.1361146,90.27661373,97.21194722,156.9793492,94.96685367,81.10941085,88.24400102,86.99682366,134.7995862,196.1091213,101.6668154,78.1906539,63.31711784,173.2359997,197.2733299
2009-Q4,75.41104085,250.2786146,107.2818774,98.68081064,123.6233792,122.5623503,83.38797248,216.6771135,98.25088213,87.72514168,69.02215933,97.2410291,113.4318479,103.0872949,57.1037728,467.1146534,130.6353133,97.87226753,139.993586,135.0443993,55.42782053,71.03114829,123.5879624,109.751704,98.04713036,147.2940838,92.00501786,87.64894903,120.979555,93.06710015,95.7916931,95.86444836,101.544547,108.9891177,107.9229418,116.9461838,92.00218551,138.5896627,102.8736528,195.0579786,100.5220498,121.5988425,100.5884306,118.9846379,102.0716514,100.9098405,122.2074722,148.6623954,89.67087514,96.23973776,166.345961,93.80134925,81.88374197,87.32368039,86.34889397,129.8933193,189.3089246,100.8145765,79.97786346,64.8087319,164.1682954,182.102977
2010-Q1,76.49745006,266.9956392,113.2407489,100.8085828,122.683223,121.0762648,84.06863438,210.2460423,94.62584572,86.65812104,72.85974712,94.27385487,110.2530061,97.92244105,58.3630904,460.1422225,133.5773671,99.3934027,134.2754374,134.1327587,55.77368562,67.84304578,126.0271184,110.8352797,98.67927998,143.7100458,91.30376739,88.59817516,125.5766456,93.27677601,95.97323104,98.12092862,105.1368868,105.3434375,107.8163015,116.926969,94.15058,130.7194163,101.3731907,196.832779,101.6376795,120.0678097,100.3060026,117.4337125,101.1499525,100.4957978,114.7340892,152.5339214,88.63144564,88.39408518,173.6361214,91.5963737,82.92256604,86.48699905,83.58484232,125.9840595,181.1985235,101.240949,81.93457975,66.59602089,161.4915335,172.7437488
2010-Q2,78.69520738,278.6615422,120.3481363,135.5178946,125.5971729,121.8010386,85.21182226,203.8895415,92.04371651,85.63800548,74.12946949,91.31296876,106.8443503,93.12673211,57.99271534,449.832023,137.6852228,101.618805,130.8623552,132.5805997,52.08559446,65.42989655,131.9636386,111.9286726,99.70939879,137.8184586,89.80686937,88.5163238,127.5261103,93.45445459,97.58251973,99.73061392,108.0602877,102.470123,107.0976989,115.6106205,94.80804018,125.6753487,100.3997119,189.848783,102.6553026,117.9747718,100.9386725,116.9636853,99.7804069,100.236313,104.2428693,153.9004878,87.38159054,82.95858207,179.5130936,90.41538254,85.77274951,85.88662634,80.96529937,121.658471,170.7723942,104.0165163,83.45320657,68.11352464,161.0968769,169.8980843
2010-Q3,79.18231246,273.0915782,124.6785283,136.3231741,127.2265927,122.4411031,87.58672877,196.8311589,91.02980994,84.80353597,76.24144184,89.48487407,104.2872398,89.92939027,57.06340888,460.2774517,139.4026625,104.3248963,128.9691638,130.9955244,46.28151502,63.7349689,132.679331,113.0175982,102.2817244,129.5114431,89.28421783,88.57990744,127.0952365,92.94340673,99.3847795,100.6649301,109.8643143,101.07701,106.364835,114.1062926,94.40000506,126.749509,100.1349398,186.2304907,103.5301573,115.7674244,98.57737434,116.1570334,97.91980436,100.1305604,97.76305127,159.6880886,86.09241106,82.24621036,184.44623,90.98246884,94.13325249,85.45736489,79.41879056,117.7050201,165.6921819,106.5399081,84.82127371,69.66366721,155.3359406,165.2567347
2010-Q4,78.20414854,253.2540694,128.5828265,141.3942296,126.5691821,121.6862386,89.41337385,187.8714098,90.71313439,84.0769053,85.30616315,89.02068949,104.0622582,88.76957123,57.4539275,476.7488238,141.5380393,107.8939719,129.7953524,130.4146669,45.19449411,62.45673914,126.0090516,114.1102067,108.6628245,121.9577265,88.55498961,89.08590878,128.6914627,91.9370634,100.297729,101.5889279,110.0817133,100.6110164,105.8654802,113.4949348,93.8302652,131.823912,100.4413029,187.2490735,103.0998518,114.588026,94.1775909,113.7082168,96.13933816,100.0571553,94.23373974,179.0694224,84.7785373,83.79932629,188.4002144,91.24033778,95.8410116,85.10462256,79.45623904,116.2050502,168.717691,107.7427957,86.00620221,71.5240811,148.326859,160.0264009
2002-Q1,59.91265594,110.7103184,,,,128.9638957,96.84672283,,93.51888355,,,83.73234484,,102.772232,77.98439014,,67.48540466,,,135.2945117,304.7045466,,,,,,,79.29171436,83.38679189,85.81576348,118.8377936,,,82.46980134,,,65.4394675,129.8199346,86.86553963,64.79869163,56.87858249,90.42352855,,,,,,,97.49991062,96.54175458,179.8658855,72.51329244,56.72289294,,,79.79641641,104.665168,,77.64437494,58.59710572,137.5070631,127.6990707
2011-Q1,77.45759451,237.8988362,131.0428725,150.3647052,123.4738867,119.5280612,89.63152289,178.7765987,90.68413572,83.50637243,106.1208151,89.61610931,105.1395147,88.90258888,58.78059917,498.5813091,144.9738016,111.9193487,133.5988776,129.874468,45.2778024,61.42843825,121.5928479,115.2214138,116.2445059,119.5722963,87.39902475,90.07656992,132.2982987,91.54658446,100.3004365,102.7266196,110.8161341,101.8836385,105.4986669,114.9002918,93.50264721,133.9057638,100.8993359,165.0538958,103.3073153,115.0973191,94.24834963,112.7709904,94.91444477,100.0237173,93.82486843,206.7109119,83.20617269,82.02331156,192.6759225,90.92236254,90.41519482,84.85642254,81.74107039,116.2569211,167.8887157,108.6211533,86.43270536,72.80725193,150.1403466,162.5015016
2011-Q2,77.39594567,232.6031835,129.3550605,155.0979521,119.380307,117.168141,89.98005658,171.9973511,90.83706554,83.1751182,126.1628541,90.7565057,104.795764,89.11794136,60.45220099,525.1082212,146.1685608,116.2459224,137.0944583,127.2466886,45.18404491,60.72271665,120.1858671,116.342425,117.7580169,122.2183634,86.89206449,91.55549668,138.5828521,92.31290321,100.3371729,103.8541256,113.9610508,104.1385466,104.9101301,114.8046549,93.28901157,130.9551857,101.0115476,168.5600633,104.4920666,115.4090847,95.42218143,113.3389875,94.07407976,100.0682755,95.53464619,228.7725586,81.68800586,79.02929402,196.8818859,91.18843556,88.64294011,84.66292377,85.15807787,117.1648527,163.3432595,108.960506,86.28549358,73.15884442,155.2845578,165.7682344
2011-Q3,78.14751394,226.3437622,126.7311027,155.2952973,118.4813789,116.5951121,91.21047482,167.2357065,90.50879024,83.00242002,136.497596,91.49969159,102.6956851,88.693219,62.19892176,554.5807996,149.1373744,120.4181846,139.2579982,122.1759116,48.03391998,60.53972369,120.320397,117.4669619,114.1409191,130.4743433,86.66859148,93.14617594,143.4957925,93.85914902,101.8004702,104.7637843,115.5839916,106.2143359,104.3831551,114.7308461,92.28844406,128.4240963,100.7787055,170.2373504,105.0549899,114.6574824,96.04244485,114.0459538,92.88293998,100.1122222,96.55060849,236.8711675,80.38230512,75.78872256,198.0473945,91.96742567,92.53720016,84.52742027,89.14448377,121.541745,168.6593051,109.1655663,85.91762693,72.87104751,154.6393071,166.5734319
2011-Q4,78.96599418,221.8385475,125.0933515,154.8150772,121.0312693,118.2190301,92.11953034,162.03939,89.7214734,82.85139473,145.8783863,92.03239631,102.4570191,87.55508332,62.77343801,600.1675981,154.5408805,123.8469478,140.8841677,114.0705867,48.02843839,60.91351274,118.3402402,118.6001034,110.0086116,140.4326242,86.62624319,94.84991082,145.1065946,94.88652779,104.2517065,106.321944,115.6971215,107.0476791,104.3922906,116.1668739,91.06899278,128.8614195,100.3957344,171.5562853,104.0507761,114.493573,93.80302288,113.2659758,91.4223986,100.0881175,97.68709746,223.4770207,79.44352054,71.79440548,197.706215,93.2242102,98.22569319,84.40743836,91.8952171,130.1495643,185.0627986,109.7368784,85.49252364,72.86973477,147.7609851,162.4833726
2012-Q1,79.1287381,221.4676184,122.7708537,151.0426946,124.0899848,120.806143,92.09693411,154.3801568,88.79328773,82.78796992,142.8636026,92.53418266,103.5365586,86.35284394,61.79630037,669.2204531,159.5810903,125.8843301,140.0842684,104.2736624,46.84725544,61.55605558,114.7508115,119.7455308,104.6470607,143.093928,87.63167211,96.86829216,143.9567915,94.68265692,105.4478168,108.9469199,113.0531915,107.2529775,105.0731601,118.3687246,89.87464856,130.2643101,100.0102003,171.0696108,101.8476391,115.2634981,87.42510995,110.106525,90.10527826,99.98600925,99.82464738,196.1127486,79.10581408,73.52544928,197.993261,94.38824241,100.076259,84.17731032,92.03262178,138.2052364,199.4929856,110.3033651,85.74682409,74.6696307,136.0736458,148.5351518
2012-Q2,79.04303206,222.9503057,119.5024834,146.088979,128.5674042,123.7073475,91.78643826,144.7757004,87.96737146,83.00234333,137.5718096,92.57655545,101.6053114,85.9484209,61.36909478,710.5409499,165.813776,126.2803673,135.262959,96.02589876,47.15648968,62.08430404,115.6080037,120.9068946,99.8911422,139.6755423,89.57299493,98.77436964,138.6682774,93.86542619,105.0397546,96.22147208,104.0858985,109.1608484,106.2827228,120.7670059,88.87378248,131.295821,99.67941056,168.8552972,99.8833977,116.5540041,83.43596921,107.8548746,88.58921566,99.85754648,99.46934663,179.0297473,78.9586953,77.08916022,200.1210622,94.66215998,100.3372941,83.8283963,91.04641553,142.8098207,201.9174727,111.1778731,86.44726265,78.0403385,130.253226,141.2183739
2012-Q3,79.12649233,233.5767049,117.3290518,144.4412708,132.9336206,125.6471619,91.99142337,136.2294284,87.58522875,83.37620462,149.2128098,93.35740853,98.5678135,86.9255581,62.43532638,732.4141551,172.6272476,128.3770876,129.0080616,90.16050986,46.24852584,62.43272881,117.840729,122.0873831,101.4951411,135.2930006,91.69995433,100.6126269,138.04932,92.93083032,104.3687123,96.81506409,96.90718275,112.505656,107.9322771,123.838049,88.80676773,131.8632452,99.26132195,168.1392881,99.1067157,118.7208906,81.64978864,106.4842075,86.72194195,99.63203637,95.2163486,175.0133661,78.72404877,78.86596123,205.0521292,94.01595866,94.49429516,83.42940642,90.18485307,145.5202822,202.4224278,112.979943,87.12373198,82.16863794,135.0451017,145.7975291
2012-Q4,79.43861325,238.1497912,117.2875636,145.0943356,134.3669261,124.3127111,92.29175611,130.0785253,87.66301712,83.50658668,158.9307724,94.95809704,96.88651358,89.21766774,63.79055774,795.9337592,176.5754125,131.8111093,125.2198436,86.16410264,46.43880402,62.86096173,114.9102445,123.2830945,107.5767848,129.8236142,93.15587618,102.4490551,142.1125837,91.95909713,104.179868,97.08643507,95.38342696,115.545026,110.0563642,128.162204,88.61600469,132.1153857,98.3611619,166.3195687,99.00074851,120.281845,79.4151389,104.9326077,85.06497657,99.25624199,87.62050414,163.4066416,78.61596285,83.67831071,211.9487818,93.62277153,87.38436527,83.12220558,91.18276118,149.5706942,219.2463883,115.1144687,88.27429858,86.67484605,142.1780639,153.7445307
2013-Q1,80.15865882,221.238895,118.6396751,146.1269626,136.5396834,120.6524768,92.2120326,125.4848585,87.64657239,83.16908652,150.1022317,96.63692045,96.32608723,91.86362398,65.80796933,845.682494,181.7860927,133.8516023,126.1472883,82.27502929,47.09987883,63.60604039,112.2833428,124.4836988,109.2450913,123.3357955,93.32531505,104.5300355,144.331942,91.34858691,104.7718834,97.79992396,95.78627019,117.5469579,112.5981513,134.2077478,68.40555826,134.9490039,96.96122726,164.1557083,98.43708281,120.8068853,78.96544617,103.8478611,84.16701818,98.7883351,77.75053506,148.3662807,78.78431254,92.01559936,219.1668297,93.65920503,87.39862238,82.99761314,94.7421405,157.7957951,244.414576,117.2453611,89.61463185,89.90002759,148.1686267,165.3170735
2013-Q2,81.38148678,207.3162424,119.2799587,146.0261779,135.3742915,116.8509741,92.83915993,121.4051948,87.3638635,82.5766237,142.5986973,98.38361921,96.13542193,93.81784858,67.24741687,844.3207007,186.1442892,137.3141592,127.6970887,77.0579837,49.23441673,64.71575799,116.5695349,125.6756493,108.9420806,120.4907517,93.37455352,107.0166283,145.2311241,91.45588581,105.4915273,99.35727181,96.33804204,119.7886803,115.2590164,141.8014577,68.03737274,140.5335581,95.73619147,164.1636638,98.09833091,121.9812911,81.15560049,103.2466581,83.69915217,98.28668792,71.00493668,141.3305195,78.96600786,100.9469067,224.6332356,93.19797722,89.08052331,83.00928641,98.75475021,161.5767785,244.7121937,119.2212506,90.83900583,91.53870163,147.405895,172.567296
2002-Q2,59.20902661,107.7979777,,,,132.8267088,97.46555475,,92.30737367,,,82.74984713,,103.6189549,80.92501592,,67.84712646,78.90393715,,129.5582891,321.0758634,,,,,,,81.10862581,80.93169256,86.04418756,118.7845605,,,82.70634224,,,65.87677765,129.3942341,87.17444938,65.42231178,56.91478501,90.36874958,,,,,,,97.87593956,105.0067829,175.8849128,74.19259881,65.41696568,,,82.33697333,109.218722,,78.79074559,57.73838947,151.5013993,137.020109
2013-Q3,82.06025931,205.7386856,118.0071693,144.4336541,129.7153135,113.7584214,94.45972445,116.0911156,87.01452849,82.02763687,142.6660194,99.64439824,93.61487065,94.27308829,66.88878808,810.307465,181.586285,141.4815366,123.5386614,71.8866828,52.69976869,65.98731743,118.8986552,126.8470729,112.3783642,123.7302109,94.56835982,109.4391221,143.8846276,91.63841174,105.4252582,100.84855,98.11290234,122.0013749,117.6499714,147.3119788,67.41989278,142.3577202,95.05276658,165.6774694,99.72133263,123.1508949,81.60943055,102.722297,82.85046918,97.82171778,68.94996895,134.8480582,78.94026073,106.8916552,229.9187351,92.28838598,89.77013081,83.1109861,101.6371639,156.0687784,223.0186582,120.6512568,91.96274758,92.69647716,143.0126147,171.1451978
2013-Q4,81.92864861,193.3347348,116.2961545,143.0836116,125.3239067,111.5320349,96.5188311,109.1917647,86.71477514,81.57538115,142.6096079,100.0955303,89.47060391,92.93145863,66.97890927,729.3992687,176.2341581,144.3580027,118.0049743,68.27226837,53.65018625,67.17317604,115.7750225,128.0027341,115.7149932,132.7284853,96.25361644,111.8053469,135.9477838,91.44119687,105.3739002,102.2826901,100.5423066,120.8003265,120.0546775,152.8879685,66.43351604,139.8560232,94.72674397,167.2216697,101.3264258,123.6802209,78.97780926,101.1631409,81.64488276,97.44169579,69.02025429,126.8368469,78.52943494,102.934079,237.6988941,91.11539715,92.04418569,83.25903205,103.4257344,145.3929618,208.4460125,121.3975518,92.69006782,93.46184289,144.8018606,171.0285787
2014-Q1,93.87464585,168.8277252,117.5661875,146.757019,123.6258063,109.6625138,98.20234536,102.695652,87.22262217,81.11921151,137.1028602,100.1788242,87.03718553,90.38130317,67.13726899,637.7190947,171.1968653,148.3613056,115.9806513,66.71487845,52.15538522,68.22069512,114.9647148,129.1548313,115.7778211,148.4804373,97.81082643,113.6770214,124.1028138,91.25492056,106.2061823,103.9609484,101.790568,116.5315924,122.8784546,161.0045494,65.10496978,135.7162898,94.42803705,166.9883797,101.8418936,123.5039477,76.02047779,99.88465531,80.81481543,97.10992307,70.14354315,120.511238,77.68434713,91.09501071,246.9197624,89.85927456,91.87672569,83.41755877,104.4909789,132.9445586,201.6269826,121.5064071,93.39085702,94.72784108,149.8670808,174.6019084
2014-Q2,93.23437633,156.5340572,121.9912505,155.8423921,123.4045318,107.997172,98.34243342,97.650288,88.47829196,80.63187077,139.2270711,100.4446336,85.9930087,87.43469777,66.35258371,587.8670909,163.557897,152.983942,113.30045,66.48993203,49.13245752,69.27750329,115.6676356,130.3046252,115.8343005,162.8661805,99.48745746,114.9906715,118.5858485,91.70064386,107.6954068,105.6333814,102.1877942,112.8141706,125.8743052,167.8215986,63.89179346,130.9068031,93.83030906,167.8976167,103.1478327,122.8913194,73.08786981,99.35652746,80.52442614,96.67964112,72.49818004,116.2762495,76.86584078,87.40804577,253.3099232,88.87527327,88.8499922,83.56831765,105.0062534,126.2747047,189.6237644,120.3477244,94.50941605,96.72577882,155.0402419,179.5013584
2014-Q3,94.38991212,165.0773167,125.2160459,163.6078748,123.091875,106.8920745,98.04099782,93.33169895,89.3354575,80.01881664,144.3107036,100.9518865,83.15513391,84.69854715,66.75881368,560.9064226,161.4880096,155.813591,111.2195037,66.16223504,48.6225602,70.48368795,113.3233945,131.4573596,119.5005095,167.9539773,100.8620458,116.3817784,116.7716882,93.01572745,108.3918308,107.4702404,103.1706997,110.9568347,128.1458198,173.8625405,62.83472076,128.7050765,92.81596505,171.4984988,104.8411468,121.4394436,71.37484491,99.20859659,80.25648563,96.15028539,73.92119438,113.6108469,76.29014135,89.47524373,255.1931602,88.26805369,87.82495702,83.7139741,104.9863546,121.4045738,176.7238704,115.7750718,95.95719278,98.33853864,156.1472043,183.4395576
2014-Q4,97.34726585,178.8922805,124.2847788,166.0132811,120.2025369,104.9564615,98.74883616,89.74287118,89.95586037,79.29197016,122.6509327,101.7225378,79.82600347,82.93335802,67.7112672,521.0609442,160.8191289,157.6832641,109.7061519,65.40839873,52.34171853,71.76466739,109.5404169,132.6272397,124.4901583,165.8678815,102.3664841,118.0763265,114.7551643,94.09020939,107.5619325,109.312297,105.3260243,109.6034666,128.3039123,173.1524972,62.46708767,125.0472599,91.49796205,169.0846842,104.6549197,119.0758525,71.64211423,99.52641321,79.66787484,95.60614552,74.69588676,111.7195255,75.88722323,89.13217096,253.2310046,87.5000446,86.49459126,83.89775005,104.5660707,113.6010709,172.9657311,107.696495,97.56405524,99.52803469,152.6853837,184.7288789
2015-Q1,99.34699368,179.7708447,120.9332956,164.4192165,116.080833,101.292358,100.1701749,87.54398092,90.89647942,78.73107629,103.6131765,103.2379645,78.97320383,82.84113736,67.28611662,476.0316996,156.7284941,159.0435389,106.3286372,64.5672202,58.3285277,73.01833223,106.4731971,133.8092364,126.8679567,157.5447719,104.8937455,120.0431648,121.6448773,94.30184825,107.101002,110.7000742,106.6307015,107.4107232,126.0386898,162.8149271,62.9211967,119.3570882,89.98245439,160.9259352,103.8640749,117.9419224,71.95712471,100.1991254,79.0755748,95.02853,77.14209403,108.673166,75.42417234,90.98775213,246.5681719,86.29740482,83.71157589,84.14534661,103.9663466,104.2949999,168.2892775,98.95191592,99.18968476,100.7760585,148.7977264,181.9410394
2015-Q2,99.42671948,167.7778966,119.4821839,164.7130704,112.7027275,98.03845206,101.6708172,87.15030004,91.81016843,78.42492799,106.0432961,106.0160545,78.01860394,84.94098547,66.55492284,443.6989536,156.6246494,159.9269346,103.6164104,63.7905658,60.29752687,74.32137548,104.0939013,134.9952636,126.4174628,150.7209433,107.7782875,122.2902566,135.5861725,94.56567965,107.3799404,112.1660167,107.2308803,103.264221,122.2145055,151.3909098,63.29873937,115.8475687,88.36743802,159.4174469,106.4548385,118.27003,70.57462597,100.9139786,78.69122393,94.42465781,79.3134654,104.9296904,74.86865345,95.23211192,242.0982455,85.24417765,81.01324916,84.45517235,103.3481693,93.2391261,149.1684692,92.23729567,100.4615543,101.5735862,141.8663965,173.0422991
2015-Q3,99.48795602,158.6406331,121.182151,168.9831394,108.3856128,96.70676387,103.0327931,87.87592344,92.59003563,78.20535316,135.917844,110.23974,76.08937226,90.16441008,67.08964661,419.6709033,157.948161,161.0199392,102.3184071,63.12737577,54.32999501,75.89113207,102.3450053,136.2065311,124.8516114,151.2179929,109.4118956,124.5493434,141.8008672,94.45352452,108.4475863,114.5561908,109.8745568,98.13354886,117.7484577,140.0806081,63.57964169,113.3892784,86.84320134,163.2570757,110.4552049,118.4358312,68.71007768,101.3311471,78.20635506,93.79414308,82.70080575,107.4675187,74.18813829,97.07703641,241.8555385,84.61955579,80.87002385,84.84548698,103.0231184,86.83116707,133.3532056,88.82369714,101.067452,101.5334366,136.9888026,167.4506887
2015-Q4,99.78352285,166.0665612,123.3098297,173.674169,104.417213,96.5739406,103.3796888,88.30255384,93.16254533,77.761055,199.3355586,115.807747,75.57020723,99.16800056,69.56729271,390.719989,156.3486053,163.6580057,102.7834627,62.65793467,49.76466256,77.92022482,99.50108227,137.4579617,123.6099711,157.5560901,109.7976181,125.7228435,136.3534689,93.16300498,110.5157597,117.7686077,112.9941476,94.95158182,113.8791578,131.2378124,63.67251051,112.2121049,85.70811306,164.7202452,113.2288053,117.7560314,67.79927483,102.5542324,77.37293302,93.08639521,87.61162505,120.6154957,73.22271804,95.19640569,238.8506853,84.05986497,81.52408171,85.31393604,103.3446858,85.90654666,134.6823081,88.54092699,101.3365614,101.8549762,140.498672,170.128002
2002-Q3,58.7305687,102.7763027,,,,136.2524081,96.42321044,,91.91788604,,,82.10203252,,104.9938105,83.75754884,,67.42529368,83.89879441,,124.5586971,331.0836811,,,,,,,83.21963007,82.05909995,85.90736447,120.1239816,,,81.45712557,,,66.70974077,127.4239517,87.53409469,66.9141916,57.67282204,90.19318202,,,,,,,98.46280735,111.6015531,173.0021065,74.73168464,69.47689704,,,87.94369908,117.6432865,,78.9769441,57.24455284,165.2306198,144.3313957
2016-Q1,99.78115099,176.1281809,123.5714157,176.3400149,101.2916846,98.01677556,102.9816186,88.03559195,93.22497479,77.08001205,204.7979376,,75.34816318,,72.63974602,365.6749089,157.5359094,170.0948488,104.1343505,62.33034035,48.67440303,80.36395392,97.04695032,138.7328415,123.663301,164.678777,110.2616038,126.1913051,125.8906838,92.1186371,111.4854374,120.7486017,137.7680507,94.64810861,111.5253016,127.5340865,63.6774524,111.0525953,85.01583269,168.3745687,116.6465576,116.2473699,67.47716542,104.5359456,76.49785861,92.34490325,90.56863615,136.2787303,72.25896593,94.39730806,233.6407789,83.35767509,81.55444935,85.83407251,104.4209259,83.22247843,136.0576772,89.86713208,101.2762225,102.2338695,147.2974842,174.360202
2016-Q2,99.75503212,177.2972587,123.024536,176.261211,101.1824686,100.0355875,104.0705467,86.29093247,93.21418908,76.36405636,168.3637289,,74.42648187,,74.42988711,359.2372458,160.0602434,174.5011739,104.4778016,61.94366012,47.92069454,82.77215179,95.82275585,140.027913,124.8580229,164.1210659,109.6068997,126.9512747,116.5233156,92.1838028,110.8003626,122.8212894,141.4629773,96.01997308,110.7399394,126.2352015,63.70903482,108.554503,84.39046695,173.5123865,118.9476691,113.7442716,66.52264957,105.6594197,75.89152364,91.61263458,92.78091032,138.2516898,71.17790646,95.73097303,225.7558272,82.81695679,84.44586095,86.38185883,105.71946,77.06198333,123.5156256,91.03647926,100.7910182,101.493757,150.925235,177.8592858
2016-Q3,99.00367469,183.2526534,123.3189977,175.7992089,103.0520445,99.34887203,105.1820413,83.46605019,93.18296874,75.71112759,195.9246984,,73.89104881,,73.91381579,363.7223093,160.0260871,172.2671097,104.2182565,61.23759785,48.71810813,84.47927522,91.39788568,141.3464534,125.4225721,156.1718778,108.83676,127.0649975,109.2673156,92.79934163,110.4628007,124.4961733,135.8489102,97.05559736,111.2621442,127.1542172,63.70167723,105.4811269,83.5536126,171.1808386,118.4244885,110.9608985,65.0407598,106.0238303,75.13598045,90.90885477,92.69594934,126.1547619,69.9428855,95.19972046,214.2356224,82.58126417,87.63307696,86.94964671,106.7041971,71.65667464,113.3169591,91.40570772,100.1002454,100.4986112,145.9106211,174.8905196
2016-Q4,96.82247475,193.4229702,122.8609105,176.088316,105.3533664,98.44206309,104.1613498,81.82200508,93.12792377,75.42366429,247.969637,,74.28977987,,71.02745752,361.7185193,161.16568,170.1886315,106.9450436,60.07794753,51.20478152,85.11183297,86.04755391,142.6721259,126.8769506,141.4966895,110.5882063,127.5778085,104.4642921,94.33387253,110.6005975,126.4977837,128.8018263,97.81757609,112.467649,131.0858203,64.30327147,103.3088833,82.72529664,169.8863927,119.2587485,108.924025,65.46498118,107.2783928,74.1848622,90.29472502,90.08245159,112.849702,68.8749858,95.23150851,203.8466938,82.18174367,88.14839083,87.5876212,107.8040353,68.23488252,111.0193406,90.27550886,99.07200662,98.90240073,139.3296039,170.1233838
2017-Q1,94.34323643,196.2841826,120.7707985,174.8399821,109.5104437,99.4342681,103.0924215,81.81583694,93.92563137,75.51877447,213.0874416,,75.70138795,,68.33815779,358.0673517,162.0156684,167.5956203,107.4126048,59.18617905,54.10707892,84.73565772,83.33463768,144.0055092,131.4019395,121.5840215,113.2479322,130.8769075,105.2891448,96.1444254,110.1241605,128.6021174,126.6430208,99.72849153,113.4176413,133.8470501,65.24231797,103.9945482,82.0475618,173.3880538,122.3443812,107.7223443,66.34535751,107.8375185,73.33129808,89.73933206,89.08348976,102.2644824,67.93083462,97.4047445,196.7624429,81.43331487,87.79353654,88.34461564,109.0828633,64.52641999,104.3773613,88.35050124,97.87232527,95.76204391,140.0953141,172.654039
2017-Q2,93.06225347,201.2798883,119.7011731,173.3926977,,,103.085496,81.67655105,95.27106427,75.46146309,168.3637289,,76.44583855,,67.6277626,353.6826231,160.4115229,164.3407136,101.9188331,59.43163191,59.03905715,83.65718752,84.16909503,145.356694,136.7551801,106.0330513,115.2807522,136.0876754,106.079419,96.64475346,109.9392829,130.3208065,125.7855642,101.354079,113.7977442,133.5938301,66.1433589,104.9674942,81.20288061,175.5614402,123.596404,106.9385176,64.99802761,106.2102117,72.37505639,89.22854953,87.44471182,97.30791917,67.1168823,98.70086474,192.4897592,80.66491378,87.61592406,89.24096281,109.8613146,60.57277612,93.05892414,87.88914222,96.90282441,93.32922833,141.7367009,176.7377728
2017-Q3,92.67463791,210.9260371,120.4710521,173.2688928,,,103.9562052,80.79006044,,75.06709381,176.932354,,75.86614027,,67.62301413,346.9456088,159.8977559,166.1288403,98.93011152,60.94508456,66.15439726,82.22468567,86.9984921,146.7290373,139.927046,97.88292597,,142.8023126,102.397956,96.26547549,110.3302573,132.1498417,124.9294108,102.4247579,113.9005478,132.6249493,66.87610695,103.7471282,80.16767562,182.9290152,123.5160899,106.0658986,64.41371487,105.5946991,71.41459293,88.78486409,85.47755867,101.0807166,66.22158643,100.3043454,,79.79979587,86.14744547,90.30493473,110.1584165,56.597457,85.98153834,88.58541245,96.38563153,93.12527275,145.0285525,181.4212699
2017-Q4,92.89408562,214.4756304,121.1831568,172.6577977,,,105.7757829,80.06233189,,,,,75.88720812,,67.13769686,345.5984691,160.5067073,168.8046122,98.97369757,63.12867204,69.26344132,80.63495981,88.39648165,148.121664,140.5698602,95.48690505,,150.6956783,100.2681653,95.89296475,110.6792925,134.4545307,125.2862264,104.4844615,113.8939966,131.2487343,66.73327289,102.2272756,79.11529987,195.1797088,124.3619199,105.304169,65.41736469,106.9592328,70.69283864,88.34707384,86.68075074,107.7492941,65.05080733,103.0909854,,78.77715279,83.45801197,91.50376906,110.3224231,53.55894966,85.45620118,89.51831077,96.32294787,94.3739934,153.2022269,188.1339795
2018-Q1,93.59894992,,,170.93416,,,107.4020387,78.62937973,,,,,,,,346.8488178,,170.4091025,99.43396886,,,,,,,,,,,,110.7442539,,,,,,65.96582064,,78.04901839,204.0482565,124.3998179,,,,,,,,63.76245245,98.21059185,,77.54140543,81.13974388,92.76682201,110.3903647,52.89957069,86.40269522,90.75945765,96.50127051,96.8012354,,
2002-Q4,59.29615321,99.08651959,,,,137.8743588,94.98751216,,91.83567968,,,81.49606264,,106.6508548,85.77231285,,67.91484307,89.25746052,,123.1157963,314.792213,,,,,,,86.33120209,84.93102886,84.81896673,120.9120133,,,80.22882687,,,67.67484542,124.3397014,87.99744195,67.68681184,58.74059381,90.81782451,,,,,,,99.16453685,114.6173252,171.7797083,73.60688599,66.93430526,,,92.82974514,124.3100905,,78.45288757,57.42816299,173.9244911,144.7972284
2003-Q1,60.61449269,101.3991336,,,,138.7095762,93.91397646,,91.41014092,,,81.07332627,,107.9945832,85.86343205,,68.119982,92.07216272,,125.8203685,289.9748894,,,,,,,90.72975014,88.95086521,84.28586633,119.191055,,,79.90540186,,,69.5718702,122.5877648,88.59885353,68.77777825,60.32489811,91.43888002,,,111.642372,,,,99.71275595,111.0645478,171.5850977,71.55478506,60.16583603,,,99.65740594,135.2856532,,77.65764473,58.52654227,181.5718653,149.1378975
2003-Q2,62.3061224,103.2854443,,,,138.0088542,93.41365729,,90.66661696,,,81.00616074,,108.5349713,85.69029011,,70.44119767,94.18691406,,130.1413926,285.6968199,,,,,,,95.29634242,91.53309159,84.00477228,116.5759697,,,78.80169693,,,72.03248963,122.971615,89.18310529,71.52327021,63.23588647,91.41160881,,,111.2730972,,,,100.0842931,101.4258825,171.6247876,69.88617282,52.97673454,,,110.5386688,148.6615927,,77.66242209,60.39037448,190.7043584,160.6239249
1997-Q4,,71.56367512,,,,,96.08988708,,87.01737951,,,78.77371742,,64.05068937,71.75474082,,68.41992837,,,,429.8759271,,,,,,,,,,,,,,,,70.39707127,154.2739126,73.97376262,,,109.8383276,,,,,,,,,,,,,,69.20120809,73.70610276,,,,120.910844,
1998-Q1,,71.81042968,,,,,97.36071629,,87.00797354,,,76.57165308,,64.94938677,72.47322584,,70.10592988,,,,413.6960719,,,,,,,,,,,,,72.70342197,,,69.89128787,147.5279049,75.86598261,,,106.4796596,,,,,,,,,,,,,,68.27343769,72.87831176,,,,118.5809105,
1998-Q2,,70.45821253,,,,,97.67406109,,86.89247805,,,75.64178165,,66.61234316,73.09177727,,71.06645564,,,,404.484765,,,,,,,,,,,,,72.61739441,,,69.85398965,141.7720286,77.57426437,,,102.7249002,,,,,,,,,,,,,,67.37159781,69.51005359,,,,111.3386761,
1998-Q3,,67.9430966,,,,,96.38404969,,87.81259578,,,76.18555287,,70.5240953,75.25596879,,71.96299568,,,,412.4813572,,,,,,,,,,,,,73.12212852,,,69.35809053,139.0306324,78.99279347,,,99.25450142,,,,,,,,,,,,,,67.5842606,67.09738343,,,,111.3535852,
1998-Q4,,67.14314364,,,,,95.51417982,,88.98171952,,,78.05555017,,76.75999963,75.3203551,,70.80983097,,,,433.2812136,,,,,,,,,,,,,74.28123469,,,67.64785002,137.3231885,80.15244546,,,97.42475613,,,,,,,,,,,,,,51.66676482,66.18259654,,,,118.5464857,
1999-Q1,,67.15586135,,,,,96.53630251,,90.22489079,,,81.0552062,,83.573904,74.9508565,,68.63526695,,,,446.1286128,,,,,,,94.63981661,63.55677534,,,,,74.70870164,,,66.384655,137.6471146,81.19429447,,,96.36970895,,,,,,,,,,,,,,50.41451271,66.62813274,,,,116.0626967,103.8186905
1999-Q2,,67.27426707,,,,,97.99349889,,91.39005563,,,84.99853863,,89.19121817,76.49793033,,66.57855594,,,,438.839033,,,,,,,89.84834226,60.19454917,,,,,74.69560748,,,66.14394862,138.8406064,82.25021419,,,94.21281755,,,,,,,,,,,,,,48.94754567,64.8810907,,,,112.9303606,102.428696
1999-Q3,,69.00602035,,,,,98.56073418,,91.90083937,,,89.20902029,,92.12140818,76.40859122,,65.63643532,,,,412.5083669,,,,,,,83.39715472,55.5730479,,,,,75.33357866,,,66.05070298,137.2268424,83.25673161,,,91.48130136,,,,,,,,,,,,,,47.8239288,62.05271408,,,,115.5422727,100.5967609
1999-Q4,,70.64410622,,,,,99.24987628,,92.14906194,,,93.51927332,,92.1460604,77.69312398,,65.49868581,,,,394.3725837,,,,,,,75.81400858,52.70681981,,,,,76.34255529,,,66.48255402,133.2807172,84.06698621,,,88.64805247,,,,,,,,,,,,,,48.5381923,63.32094992,,,,117.9851198,102.6636916
2000-Q1,,69.8810596,,,,,100.2639939,,92.50831249,,,97.21178985,,90.6495786,81.40861109,,64.07013268,,,115.4819069,379.3550437,,,,,,,69.04071724,55.90860066,,124.7184637,,,77.39016824,,,67.12573007,131.6792969,84.69960662,65.71769767,55.31531342,86.05701737,,,,,,,99.96145034,109.3270299,,67.6038864,45.76414265,,,50.55502714,65.65386092,,,,121.9417559,106.4303253
2000-Q2,,69.60616236,,,,,100.3018673,,93.19293096,,,98.7453596,,89.29698712,82.47474609,,62.87715606,,,121.0638045,347.5852244,,,,,,,64.39268695,58.64653436,,122.8519489,,,78.70295903,,,67.01856791,130.6148897,85.24979597,66.70588179,56.71347368,85.37810104,,,,,,,99.69623229,116.3481492,,67.30914618,44.235496,,,53.76948764,68.30106594,,,,126.3266364,107.2356832
2000-Q3,,74.92970854,,,,,99.37440829,,94.27515478,,,98.52011207,,89.52115299,82.44286691,,61.57963232,,,126.0801747,314.1678287,,,,,,,62.48975314,64.90444478,,122.6908914,,,79.96853983,,,66.26613358,126.9802769,85.64566234,66.71255464,57.22297289,86.48829208,,,,,,,99.82202269,116.1204284,,67.45137519,44.46571309,,,59.17228576,74.9841878,,,,127.3600061,105.9997515
2000-Q4,,81.05549024,,,,,98.38528343,,95.03197727,,,96.70858406,,91.65855075,82.15838174,,59.99501099,,,128.8744686,296.1512123,,,,,,,62.14594606,78.51803411,,123.5474889,,,81.00458313,,,65.49274753,122.3530018,85.8342283,66.22545563,56.81144443,88.13019333,,,,,,,99.85934997,111.4183675,,68.42988312,46.04566111,,,64.20507071,81.9810263,,,,128.545021,107.0025112
1990-Q1,,115.9862008,,,,,,,,,,106.8190271,,54.84165596,41.6516976,,,,,,,,,,,,,,,,,,,,,,,133.0273722,,,,83.17974849,,,,,,,,,,,,,,45.30064281,42.49998483,,,,116.4851917,
1990-Q2,,111.6087904,,,,,,,,,,106.3654287,,55.82358741,42.92864712,,,,,,,,,,,,,,,,,,,,,,,149.8303353,,,,87.86334846,,,,,,,,,,,,,,45.10597685,43.41710865,,,,126.9588366,
1990-Q3,,108.2262369,,,,,,,,,,105.727263,,57.49127447,45.28670642,,,,,,,,,,,,,,,,,,,,,,,172.5112614,,,,92.85818725,,,,,,,,,,,,,,44.3482335,42.66624311,,,,141.719674,
1990-Q4,,110.5151577,,,,,,,,,,104.7620122,,59.66527701,47.57923823,,,,,,,,,,,,,,,,,,,,,,,204.7199983,,,,95.97781593,,,,,,,,,,,,,,44.55689146,42.99462647,,,,156.8025333,
1991-Q1,,115.4659986,,,,,,,,,,103.5724489,,61.89829865,48.09520971,,,,,,54.40232754,,,,,,,,,,,,,,,,,241.5563318,,,,98.96925108,,,,,,,,,,,,,,46.83093432,46.66900027,,,,168.405638,
1991-Q2,,116.2012241,,,,,,,,,,102.3652485,,63.65250952,48.54107987,,,,,,68.81737861,,,,,,,,,,,,,,,,,268.4698504,,,,102.2534745,,,,,,,,,,,,,,48.3701136,50.18193716,,,,174.657705,
1991-Q3,,113.7935344,,,,,,,,,,100.6303175,,64.69908986,49.94076884,,,,,,82.76189076,,,,,,,,,,,,,,,,,285.8505486,,,,104.6498248,,,,,,,,,,,,,,48.92372827,54.94885828,,,,175.9089711,
1991-Q4,,110.4384331,,,,,,,,,,98.74365601,,65.1847191,51.22324947,,,,,,100.4599964,,,,,,,,,,,,,,,,,298.7070147,,,,106.8543054,,,,,,,,,,,,,,51.29052536,61.28265355,,,,177.6962326,
1992-Q1,,109.3182,,,,,,,,,,96.67905269,,65.48139209,51.64819094,,,,,,128.146958,,,,,,,,,,,,,,,,,307.0653916,,,,109.8979269,,,,,,,,,,,,,,55.61429346,63.0161833,,,,185.1991498,
1992-Q2,,116.3422555,,,,,,,,,,93.65413461,,65.97365466,51.81051893,,,,,,148.6270841,,,,,,,,,,,,,,,,,317.6118717,,,,113.4811043,,,,,,,,,,,,,,60.58017035,63.91666489,,,,196.1147223,
1992-Q3,,127.6417353,,,,,,,76.87154488,,,90.66647812,,67.07128177,53.13435282,,,,,,158.8471671,,,,,,,,,,,,,,,,,334.0024683,,,,117.1536116,,,,,,,,,,,,,,66.15645524,70.59735273,,,,209.0197829,
1992-Q4,,132.131464,,,,,,,76.86788439,,,88.02642391,,68.74034333,55.6664126,,,,,,164.8574139,,,,,,,,,,,,,,,,,339.3618989,,,,120.81614,,,,,,,,,,,,,,72.39554727,82.08819521,,,,208.2938692,
1993-Q1,,134.7309404,,,,,,,76.57338695,,,85.76685418,,70.40373973,58.07679461,,64.59160198,,,,165.9070498,,,,,,,,,,,,,,,,,329.3373108,,,,122.8961373,,,,,,,,,,,,,,76.95865604,90.10509844,,,,193.1551451,
1993-Q2,,141.0115203,,,,,85.42520029,,75.83487476,,,84.67369891,,71.45322147,59.62639449,,64.57886389,,,,165.8794164,,,,,,,,,,,,,,,,,317.2150368,,,,123.2395426,,,,,,,,,,,,,,80.76658429,94.42320076,,,,184.4312961,
1993-Q3,,149.9640111,,,,,85.84380427,,75.17273364,,,84.84079981,,71.34667602,60.37826368,,63.42115743,,,,177.2649841,,,,,,,,,,,,,,,,,300.3380412,,,,123.17092,,,,,,,,,,,,,,83.81094378,96.35462294,,,,180.2360433,
1993-Q4,,153.4525127,,,,,86.18618646,,75.30755138,,,85.90334207,,70.28497986,62.75804623,,39.07958706,,,,194.979726,,,,,,,,,,,,,,,,,280.3423179,,,,122.4265316,,,,,,,,,,,,,,84.62681574,93.6650471,,,,164.5620429,
1994-Q1,,139.0736953,,,,,87.55229435,,76.14414936,,,87.40904922,,69.30597181,68.33366239,,37.56669253,,,,194.8856257,,,,,,,,,,,,,,,,,264.3679759,,,,121.1560742,,,,,,,,,,,,,,83.99541961,91.19340402,,,,142.7087171,
1994-Q2,,121.2039503,,,,,89.63052377,,76.95115119,,,88.81464065,,69.53850225,72.46782932,,35.4775453,,,,183.9191372,,,,,,,,,,,,,,,,,250.7563668,,,,119.2914066,,,,,,,,,,,,,,82.42194153,89.21450083,,,,132.1927276,
1994-Q3,,114.6680243,,,,,90.52771088,,77.67495402,,,89.30121408,,71.96369301,72.93916991,,33.80504654,,,,164.5502781,,,,,,,,,,,,,,,,,239.7572774,,,,116.849901,,,,,,,,,,,,,,81.00626131,86.65324708,,,,126.749686,
1994-Q4,,112.6335603,,,,,90.43565429,,78.38008681,,,88.59098717,,76.03787635,72.65300998,,32.85493412,,,,146.0312753,,,,,,,,,,,,,,,,,232.9818651,,,,115.0874894,,,,,,,,,,,,,,78.49943318,81.76060028,,,,122.4205212,
1995-Q1,,102.9086574,,,,,90.58738558,,78.86324728,,,87.46582956,,79.67428018,72.83948361,,32.64478334,,,,150.1182042,,,,,,,,,,,,,,,,74.18727052,224.5836354,60.7203637,,,114.1521422,,,,,,,,,,,,,,74.9790502,76.37497105,,,,124.1229687,
1995-Q2,,93.49234387,,,,,90.65000028,,79.49858796,,,86.89373152,,80.79098407,70.63053668,,32.59197124,,,,182.5034341,,,,,,,,,,,,,,,,73.56908471,211.2292241,62.04657017,,,114.0101187,,,,,,,,,,,,,,73.65473051,76.86616949,,,,123.203225,
1995-Q3,,92.40254882,,,,,90.52704409,,80.32122528,,,87.09010333,,77.40184309,66.61361329,,31.97050824,,,,230.9616542,,,,,,,,,,,,,,,,72.53814721,201.1317864,63.62367538,,,114.8732537,,,,,,,,,,,,,,74.34529181,79.52960016,,,,120.0721247,
1995-Q4,,88.06217822,,,,,91.08593065,,81.27988242,,,88.4037304,,69.74815877,66.0914352,,31.05194792,,,,287.3865489,,,,,,,,,,,,,,,,71.6785222,199.7116754,65.23714293,,,114.9793774,,,,,,,,,,,,,,72.92192454,76.99876398,,,,123.3859383,
1996-Q1,,79.67704407,,,,,92.17343161,,82.26553746,,,90.16102009,,60.72600962,67.07995433,,152.3426176,,,,345.2329384,,,,,,,,,,,,,,,,71.06613318,199.968887,66.40430526,,,114.6941453,,,,,,,,,,,,,,70.74593545,73.63814464,,,,126.8964542,
1996-Q2,,75.43750194,,,,,93.41971196,,82.88445285,,,90.79210423,,53.18166694,66.53524096,,155.1042734,,,,375.6095784,,,,,,,,,,,,,,,,70.8948955,196.7155092,66.98799578,,,115.7578382,,,,,,,,,,,,,,70.20654174,73.14855897,,,,122.7145168,
1996-Q3,,72.75574612,,,,,94.99981476,,83.28621561,,,90.5338658,,49.68794849,65.36330156,,159.7510888,,,,411.5136871,,,,,,,,,,,,,,,,71.51129674,187.5629112,67.51443086,,,117.1658085,,,,,,,,,,,,,,70.52030377,73.566066,,,,117.3246831,
1996-Q4,,71.97901533,,,,,96.30755932,,83.76379951,,,89.29836713,,50.95939923,63.5840406,,88.9983059,,,,445.615493,,,,,,,,,,,,,,,,72.62600757,173.8295008,68.30476339,,,118.0801,,,,,,,,,,,,,,71.59058008,74.7214834,,,,114.6319939,
1997-Q1,,74.4638601,,,,,96.5333879,,84.4456124,,,87.01998129,,55.00672867,63.41631817,,89.67846465,,,,440.5726798,,,,,,,,,,,,,,,,72.9100361,163.8308078,69.24680293,,,117.8978927,,,,,,,,,,,,,,71.70480923,76.06088969,,,,113.8470185,
1997-Q2,,75.57834221,,,,,95.94565501,,85.09163854,,,84.43109067,,59.56457469,66.01348143,,90.49557084,,,,443.9441257,,,,,,,,,,,,,,,,71.87834819,157.9030114,70.47625482,,,116.1186117,,,,,,,,,,,,,,70.42778793,74.69006464,,,,117.3945321,
1997-Q3,,73.0996514,,,,,95.52098176,,85.98309219,,,81.61401839,,62.68416436,69.22566752,,65.40683329,,,,447.19171,,,,,,,,,,,,,,,,70.95835839,155.9243193,72.10698702,,,113.1365922,,,,,,,,,,,,,,69.51078129,72.88219899,,,,120.9420227,
2018-Q2,,,,169.3519418,,,,76.00847689,,,,,,,,343.7832204,,174.481062,102.4973195,,,,,,,,,,,,110.6003178,,,,,,65.41841726,,,209.8115617,124.0205102,,,,,,,,62.51472591,85.54535673,,75.78831068,76.80195989,94.08292914,110.1803601,53.21158923,,91.97070528,96.84462845,99.25600443,,
