LOCATION,AUS,AUS,AUS,AUS,AUS,AUS,AUS,AUS,HUN,HUN,HUN,HUN,HUN,HUN,HUN,HUN,IRL,IRL,IRL,IRL,IRL,IRL,IRL,IRL,ITA,ITA,ITA,ITA,ITA,ITA,ITA,ITA,JPN,JPN,JPN,JPN,JPN,JPN,JPN,JPN,KOR,KOR,LUX,LUX,LUX,LUX,LUX,LUX,LUX,LUX,NLD,NLD,NLD,NLD,NLD,NLD,NLD,NLD,NZL,NZL,NOR,NOR,NOR,NOR,NOR,NOR,NOR,NOR,POL,POL,POL,POL,POL,POL,POL,POL,AUT,AUT,AUT,AUT,AUT,AUT,AUT,AUT,PRT,PRT,PRT,PRT,PRT,PRT,PRT,PRT,SVK,SVK,SVK,SVK,SVK,SVK,SVK,SVK,ESP,ESP,ESP,ESP,ESP,ESP,ESP,ESP,SWE,SWE,SWE,SWE,SWE,SWE,SWE,SWE,CHE,CHE,CHE,CHE,CHE,CHE,CHE,CHE,GBR,GBR,GBR,GBR,GBR,GBR,GBR,GBR,USA,USA,USA,USA,USA,USA,USA,USA,EST,EST,EST,EST,EST,EST,EST,EST,ISR,ISR,ISR,ISR,ISR,ISR,ISR,ISR,LVA,LVA,LVA,LVA,LVA,LVA,LVA,LVA,BEL,BEL,BEL,BEL,BEL,BEL,BEL,BEL,LTU,LTU,LTU,LTU,LTU,LTU,LTU,LTU,ROU,ROU,ROU,ROU,ROU,ROU,ROU,ROU,RUS,RUS,SVN,SVN,SVN,SVN,SVN,SVN,SVN,SVN,ZAF,ZAF,CAN,CAN,CAN,CAN,CAN,CAN,CAN,CAN,CZE,CZE,CZE,CZE,CZE,CZE,CZE,CZE,DNK,DNK,DNK,DNK,DNK,DNK,DNK,DNK,FIN,FIN,FIN,FIN,FIN,FIN,FIN,FIN,FRA,FRA,FRA,FRA,FRA,FRA,FRA,FRA,DEU,DEU,DEU,DEU,DEU,DEU,DEU,DEU,GRC,GRC,GRC,GRC,GRC,GRC,GRC,GRC
SUBJECT,VC_INV,VC_INV,VC_INV,VC_INV,VC_INV,VC_INV,VC_INV,VC_INV,VC_INV,VC_INV,VC_INV,VC_INV,VC_INV,VC_INV,VC_INV,VC_INV,VC_INV,VC_INV,VC_INV,VC_INV,VC_INV,VC_INV,VC_INV,VC_INV,VC_INV,VC_INV,VC_INV,VC_INV,VC_INV,VC_INV,VC_INV,VC_INV,VC_INV,VC_INV,VC_INV,VC_INV,VC_INV,VC_INV,VC_INV,VC_INV,VC_INV,VC_INV,VC_INV,VC_INV,VC_INV,VC_INV,VC_INV,VC_INV,VC_INV,VC_INV,VC_INV,VC_INV,VC_INV,VC_INV,VC_INV,VC_INV,VC_INV,VC_INV,VC_INV,VC_INV,VC_INV,VC_INV,VC_INV,VC_INV,VC_INV,VC_INV,VC_INV,VC_INV,VC_INV,VC_INV,VC_INV,VC_INV,VC_INV,VC_INV,VC_INV,VC_INV,VC_INV,VC_INV,VC_INV,VC_INV,VC_INV,VC_INV,VC_INV,VC_INV,VC_INV,VC_INV,VC_INV,VC_INV,VC_INV,VC_INV,VC_INV,VC_INV,VC_INV,VC_INV,VC_INV,VC_INV,VC_INV,VC_INV,VC_INV,VC_INV,VC_INV,VC_INV,VC_INV,VC_INV,VC_INV,VC_INV,VC_INV,VC_INV,VC_INV,VC_INV,VC_INV,VC_INV,VC_INV,VC_INV,VC_INV,VC_INV,VC_INV,VC_INV,VC_INV,VC_INV,VC_INV,VC_INV,VC_INV,VC_INV,VC_INV,VC_INV,VC_INV,VC_INV,VC_INV,VC_INV,VC_INV,VC_INV,VC_INV,VC_INV,VC_INV,VC_INV,VC_INV,VC_INV,VC_INV,VC_INV,VC_INV,VC_INV,VC_INV,VC_INV,VC_INV,VC_INV,VC_INV,VC_INV,VC_INV,VC_INV,VC_INV,VC_INV,VC_INV,VC_INV,VC_INV,VC_INV,VC_INV,VC_INV,VC_INV,VC_INV,VC_INV,VC_INV,VC_INV,VC_INV,VC_INV,VC_INV,VC_INV,VC_INV,VC_INV,VC_INV,VC_INV,VC_INV,VC_INV,VC_INV,VC_INV,VC_INV,VC_INV,VC_INV,VC_INV,VC_INV,VC_INV,VC_INV,VC_INV,VC_INV,VC_INV,VC_INV,VC_INV,VC_INV,VC_INV,VC_INV,VC_INV,VC_INV,VC_INV,VC_INV,VC_INV,VC_INV,VC_INV,VC_INV,VC_INV,VC_INV,VC_INV,VC_INV,VC_INV,VC_INV,VC_INV,VC_INV,VC_INV,VC_INV,VC_INV,VC_INV,VC_INV,VC_INV,VC_INV,VC_INV,VC_INV,VC_INV,VC_INV,VC_INV,VC_INV,VC_INV,VC_INV,VC_INV,VC_INV,VC_INV,VC_INV,VC_INV,VC_INV,VC_INV,VC_INV,VC_INV,VC_INV,VC_INV,VC_INV,VC_INV,VC_INV,VC_INV,VC_INV,VC_INV,VC_INV,VC_INV,VC_INV,VC_INV,VC_INV,VC_INV,VC_INV,VC_INV,VC_INV,VC_INV,VC_INV,VC_INV,VC_INV,VC_INV,VC_INV,VC_INV,VC_INV,VC_INV
STAGES,VC_T,VC_T,SEED,SEED,START,START,LATER,LATER,VC_T,VC_T,SEED,SEED,START,START,LATER,LATER,VC_T,VC_T,SEED,SEED,START,START,LATER,LATER,VC_T,VC_T,SEED,SEED,START,START,LATER,LATER,VC_T,VC_T,SEED,SEED,START,START,LATER,LATER,VC_T,VC_T,VC_T,VC_T,SEED,SEED,START,START,LATER,LATER,VC_T,VC_T,SEED,SEED,START,START,LATER,LATER,VC_T,VC_T,VC_T,VC_T,SEED,SEED,START,START,LATER,LATER,VC_T,VC_T,SEED,SEED,START,START,LATER,LATER,VC_T,VC_T,SEED,SEED,START,START,LATER,LATER,VC_T,VC_T,SEED,SEED,START,START,LATER,LATER,VC_T,VC_T,SEED,SEED,START,START,LATER,LATER,VC_T,VC_T,SEED,SEED,START,START,LATER,LATER,VC_T,VC_T,SEED,SEED,START,START,LATER,LATER,VC_T,VC_T,SEED,SEED,START,START,LATER,LATER,VC_T,VC_T,SEED,SEED,START,START,LATER,LATER,VC_T,VC_T,SEED,SEED,START,START,LATER,LATER,VC_T,VC_T,SEED,SEED,START,START,LATER,LATER,VC_T,VC_T,SEED,SEED,START,START,LATER,LATER,VC_T,VC_T,SEED,SEED,START,START,LATER,LATER,VC_T,VC_T,SEED,SEED,START,START,LATER,LATER,VC_T,VC_T,SEED,SEED,START,START,LATER,LATER,VC_T,VC_T,SEED,SEED,START,START,LATER,LATER,VC_T,VC_T,VC_T,VC_T,SEED,SEED,START,START,LATER,LATER,VC_T,VC_T,VC_T,VC_T,SEED,SEED,START,START,LATER,LATER,VC_T,VC_T,SEED,SEED,START,START,LATER,LATER,VC_T,VC_T,SEED,SEED,START,START,LATER,LATER,VC_T,VC_T,SEED,SEED,START,START,LATER,LATER,VC_T,VC_T,SEED,SEED,START,START,LATER,LATER,VC_T,VC_T,SEED,SEED,START,START,LATER,LATER,VC_T,VC_T,SEED,SEED,START,START,LATER,LATER
MEASURE,USD_V,SH_GDP,USD_V,SH_GDP,USD_V,SH_GDP,USD_V,SH_GDP,USD_V,SH_GDP,USD_V,SH_GDP,USD_V,SH_GDP,USD_V,SH_GDP,USD_V,SH_GDP,USD_V,SH_GDP,USD_V,SH_GDP,USD_V,SH_GDP,USD_V,SH_GDP,USD_V,SH_GDP,USD_V,SH_GDP,USD_V,SH_GDP,USD_V,SH_GDP,USD_V,SH_GDP,USD_V,SH_GDP,USD_V,SH_GDP,USD_V,SH_GDP,USD_V,SH_GDP,USD_V,SH_GDP,USD_V,SH_GDP,USD_V,SH_GDP,USD_V,SH_GDP,USD_V,SH_GDP,USD_V,SH_GDP,USD_V,SH_GDP,USD_V,SH_GDP,USD_V,SH_GDP,USD_V,SH_GDP,USD_V,SH_GDP,USD_V,SH_GDP,USD_V,SH_GDP,USD_V,SH_GDP,USD_V,SH_GDP,USD_V,SH_GDP,USD_V,SH_GDP,USD_V,SH_GDP,USD_V,SH_GDP,USD_V,SH_GDP,USD_V,SH_GDP,USD_V,SH_GDP,USD_V,SH_GDP,USD_V,SH_GDP,USD_V,SH_GDP,USD_V,SH_GDP,USD_V,SH_GDP,USD_V,SH_GDP,USD_V,SH_GDP,USD_V,SH_GDP,USD_V,SH_GDP,USD_V,SH_GDP,USD_V,SH_GDP,USD_V,SH_GDP,USD_V,SH_GDP,USD_V,SH_GDP,USD_V,SH_GDP,USD_V,SH_GDP,USD_V,SH_GDP,USD_V,SH_GDP,USD_V,SH_GDP,USD_V,SH_GDP,USD_V,SH_GDP,USD_V,SH_GDP,USD_V,SH_GDP,USD_V,SH_GDP,USD_V,SH_GDP,USD_V,SH_GDP,USD_V,SH_GDP,USD_V,SH_GDP,USD_V,SH_GDP,USD_V,SH_GDP,USD_V,SH_GDP,USD_V,SH_GDP,USD_V,SH_GDP,USD_V,SH_GDP,USD_V,SH_GDP,USD_V,SH_GDP,USD_V,SH_GDP,USD_V,SH_GDP,USD_V,SH_GDP,USD_V,SH_GDP,USD_V,SH_GDP,USD_V,SH_GDP,USD_V,SH_GDP,USD_V,SH_GDP,USD_V,SH_GDP,USD_V,SH_GDP,USD_V,SH_GDP,USD_V,SH_GDP,USD_V,SH_GDP,USD_V,SH_GDP,USD_V,SH_GDP,USD_V,SH_GDP,USD_V,SH_GDP,USD_V,SH_GDP,USD_V,SH_GDP,USD_V,SH_GDP,USD_V,SH_GDP,USD_V,SH_GDP,USD_V,SH_GDP,USD_V,SH_GDP,USD_V,SH_GDP,USD_V,SH_GDP,USD_V,SH_GDP,USD_V,SH_GDP,USD_V,SH_GDP,USD_V,SH_GDP,USD_V,SH_GDP,USD_V,SH_GDP,USD_V,SH_GDP,USD_V,SH_GDP,USD_V,SH_GDP,USD_V,SH_GDP,USD_V,SH_GDP,USD_V,SH_GDP,USD_V,SH_GDP,USD_V,SH_GDP,USD_V,SH_GDP,USD_V,SH_GDP,USD_V,SH_GDP,USD_V,SH_GDP,USD_V,SH_GDP,USD_V,SH_GDP,USD_V,SH_GDP,USD_V,SH_GDP
2006,456.334579091593,0.0557706704332702,36.8983405536107,0.00450950965549545,97.1405292125668,0.0118719743991615,322.295709325415,0.0393891863786133,,,,,,,,,,,,,,,,,,,,,,,,,,,,,,,,,622.649670307366,0.061538964761683,,,,,,,,,,,,,,,,,,,,,,,,,,,,,,,,,,,,,,,,,,,,,,,,,,,,,,,,,,,,,,,,,,,,,,,,,,,,,,,,,,,,,,,,,,,27728.67298,0.200719926130374,170.869795,0.00123687753305215,12824.743608,0.0928346477848197,14733.059577,0.106648400812502,,,,,,,,,,,,,,,,,,,,,,,,,,,,,,,,,,,,,,,,,,,,,,,,,,,,,,,,,,,,,,,,,,,,,,,,,,,,,,,,,,,,,,,,,,,,,,,,,,,,,,,,,,,,,,,,,,,,
2007,680.293170375366,0.0690555238802728,29.2869138537981,0.00297287003174606,84.5136656923887,0.00857885352018149,566.492590829179,0.0575038003283452,15.283505648488,0.0109284387620979,2.075076851,0.001483779,2.85269860040129,0.00203981617033603,12.4308070480867,0.0088886225917619,100.14613255812,0.0371043405067425,,,50.3965849025099,0.0186720345442642,49.7495476556106,0.0184323059624783,176.237534866788,0.00800010486651764,4.80128326202579,0.000217948858732595,89.3401246581755,0.00405549457210352,82.0961269465864,0.00372666143568152,,,,,,,,,798.917619865746,0.0711617013324279,21.5032615330711,0.0422581127879997,0.273733367276271,0.000537939581416957,7.15128422009258,0.014053671564518,14.0782439457022,0.0276665016420648,350.297137570178,0.0413360183560536,11.166145204602,0.00131763561171355,181.297290860864,0.0213935751656723,157.833701504712,0.0186248075786677,60.1907141676006,0.0438328964744844,367.572751485688,0.0916446243038419,36.9547984090617,0.0092137096744358,157.932902477013,0.0393764267188471,172.685050599613,0.043054487910559,65.6417131329058,0.0152991086997776,3.87013815323046,0.000902012782170184,3.52422129700344,0.000821389968841298,58.2473536826719,0.0135757059487661,85.3069372247269,0.0219483389305769,10.4524265094342,0.00268927014776838,39.3275466099491,0.0101184540247804,35.5269641053436,0.00914061475802815,154.427130808964,0.0643025706934297,2.4813519143543,0.00103322069154692,28.8277094813026,0.0120036927264047,123.118069413307,0.0512656572754781,1.51274487557673,0.00196657129164652,,,1.51274487557673,0.00196657129164652,,,368.075585994706,0.0248823171916392,34.7608802170158,0.00234987399417684,193.424992951366,0.013075743707369,139.889712826324,0.00945669949009326,571.937402653572,0.11710430981654,22.1271546237672,0.00453053980802446,287.364508826533,0.058837946802866,262.445739203272,0.0537358232056498,351.297427727548,0.0731981429302941,15.84268817116,0.00330106417417901,152.424812287343,0.0317600196167257,183.029927269044,0.0381370591393893,2030.79288238498,0.0658430705453176,25.8647100205574,0.000838594590954892,688.539345065545,0.0223240612391427,1316.38882729888,0.04268041471522,34455.207655,0.238413655093531,209.855022,0.0014520969757526,14450.331484,0.0999894233960198,19795.021149,0.136972134721759,2.21992019223927,0.00998511144877666,,,0.440940614924818,0.00198333309355378,1.77897957731445,0.00800177835522287,1196.0,0.669112364108678,169.0,0.0945484862327479,847.0,0.473861348160577,180.0,0.100702529715353,9.34418515580117,0.0302370443977063,1.16953464831888,0.00378452165664966,7.76428747298443,0.0251246204053901,0.410363034497852,0.00132790233566655,268.535280125041,0.0569175604985006,7.22183899550803,0.00153070932707932,95.2515335911902,0.0201890973998912,166.061907538343,0.03519775377153,6.87016791144323,0.017291451295897,,,4.27542785061587,0.0107607781062975,2.59474006082737,0.00653067318959951,49.9926776324253,0.0286345301238854,,,44.5823376282099,0.0255356254208757,5.41034000421549,0.0030989047030097,108.3,0.00773617747055248,0.657781281564879,0.00136718135088806,0.515905277305588,0.00107229575198449,0.141876004259291,0.000294885598903572,,,72.3880168025361,0.0241763221833042,1732.54699985755,0.117954751317947,56.0236998637928,0.00381418892872071,588.643132523166,0.0400758272748132,1087.8801674706,0.0740647351144127,3.4580462554644,0.00182745572639449,,,0.684333418190677,0.000361646123691806,2.77371283727372,0.00146580960270268,258.679113322877,0.0809831643948472,5.11811594797971,0.00160229877040666,165.54347022739,0.0518257306966447,88.0175271475067,0.0275551349277958,183.154229591124,0.0717206986672005,23.4873630990997,0.00919733109673862,67.5399719149565,0.0264477319716701,92.1268945770683,0.0360756355987918,1078.16472726576,0.0405770996063977,17.8983846993997,0.000673611852043225,190.593166520219,0.0071730392458697,869.67317604614,0.0327304485084848,1095.61232785593,0.0318512612129769,71.3534609478291,0.00207436304367516,417.775149937452,0.012145414112845,606.483716970648,0.0176314840564567,26.0414596558077,0.00817675510348476,,,0.472190058551567,0.000148262905463336,25.5692695972561,0.00802849219802143
2016,165.772880746112,0.0126380549423896,29.735045873742,0.00226691568473356,86.9750091806954,0.00663072837784566,49.0628256916743,0.00374041087981037,46.8181984104598,0.0371549477688308,4.34423445994901,0.00344758683450107,38.2200467902238,0.0303314499580525,4.25391716028694,0.00337591097627718,239.937447112114,0.0798398823080511,26.311271134414,0.00875515187825293,151.413131128773,0.0503831590888189,62.2130448489273,0.0207015713409792,87.4968447018091,0.00468097394726464,4.80069908797779,0.000256831517022882,69.1181093652347,0.0036977341334477,13.5780362485966,0.000726408296794059,1367.736314,0.027761898,,,,,,,1212.04711754966,0.0856688996034132,4.36715392656258,0.00740682229084124,0.160469450850907,0.000272160937202661,4.04076169617327,0.00685325140960881,0.165922779538403,0.000281409944029773,249.869662125913,0.0318903222579407,14.8329323532828,0.00189309493898486,139.713396052144,0.0178313172793621,95.3233337204865,0.0121659100395937,64.2522754563965,0.0342033002716191,111.207740850741,0.0299473029541989,3.06410703125432,0.000825138078042813,52.1782342497802,0.0140511566617523,55.9653995697069,0.0150710082144037,50.5523458715647,0.0107095621744541,1.84882222480324,0.000391674732886735,42.56552014026,0.00901754560685009,6.13800350650141,0.00130034183471731,62.92020773532,0.0159674553291528,4.49944968944786,0.00114183923588191,36.7980111389493,0.00933834486902064,21.6227469069228,0.00548727122425021,22.9374083967988,0.0111197837756421,3.73126040474097,0.00180887082767053,17.4363050103149,0.00845291404358943,1.76984298174296,0.000857998904382157,12.5662059544155,0.0139860160522881,4.68929853379571,0.00521912539119198,7.87690742061978,0.00876689066109611,,,482.035784012787,0.0389524029799517,17.8134585497243,0.00143947200375713,221.921430033129,0.0179330523982599,242.300895429934,0.0195798785779346,261.394459285315,0.0510331481734124,20.5956738400615,0.00402098069593696,144.935417323444,0.0282963558143722,95.8633681218094,0.0187158116631033,262.576161321188,0.0391798835865511,9.31237175551832,0.00138953071543153,188.376180125769,0.0281082516046794,64.8876094399,0.0096821012664402,1005.98163787906,0.0378296822405484,60.1973153694271,0.00226370465067402,585.298312565332,0.0220099933702145,360.486009944305,0.0135559842196599,71782.3367551,0.383715248480677,3591.9468321,0.0192008902679072,23746.816095,0.126939520924282,44443.573828,0.237574837288488,8.01835105941695,0.0334316704228616,1.21676704994829,0.00507318209116011,5.27509443771535,0.0219939507991552,1.52648957175331,0.00636453753254632,,,,,,,,,8.72715105056773,0.0315111071338508,2.15699613399924,0.00778826169868234,6.10004037454302,0.0220254037828916,0.470114542025475,0.00169744165227692,167.27107910645,0.0356140502939733,13.7733273601133,0.00293250916977863,63.2633249818867,0.013469532507978,90.2344267644505,0.0192120086162167,3.3899351241932,0.00788845616601248,1.13435873611088,0.00263967858926908,2.25557638808232,0.00524877757674341,,,3.3437090378138,0.00177389884182894,,,1.68448124242977,0.000893648128840315,1.65922779538403,0.000880250712988628,43.7201737222058,0.00340722074438313,3.91540150547269,0.0087708229216014,,,1.70309777829398,0.00381507975892397,2.2123037271787,0.00495574316267743,129.609137862313,0.043736485478178,2403.95929923042,0.157093513924727,161.225290478346,0.0105357222241185,1184.35842402294,0.0773952481789838,1058.37558472914,0.0691625435216244,4.99809188803531,0.00256193803337747,0.507225937048897,0.000259995504034622,4.49086595098641,0.00230194252934285,,,102.446254846328,0.0328365903340883,27.8087020967109,0.00891338546091447,55.9989270326923,0.0179490585466428,18.6386257169247,0.0059741463265311,143.579828214616,0.0600728496238218,13.8158035916751,0.00578044076187626,91.9504222734739,0.0384714479656901,37.8136023494666,0.0158209608962554,959.937922757415,0.0388436658231455,208.537390698369,0.00843841723915849,273.688197912691,0.0110747295709725,477.712334146355,0.0193305190130144,1211.95959227242,0.0346753396651568,76.3018909666109,0.00218307112153808,596.858119431216,0.0170766898130479,538.799581874595,0.0154155787305708,12.400803066253,0.00635214007361452,1.63408496352464,0.000837037450319918,10.7667181027283,0.0055151026232946,,
2017,354.855076573587,0.0250585209638916,42.1534108240762,0.00297671415337806,101.168185977783,0.00714411396810734,211.533479771728,0.0149376928424062,42.6387175074967,0.0305082786868753,24.6883525637342,0.0176646762464609,17.7936143574973,0.012731446380156,0.156750586265223,0.000112156060258372,139.792798488163,0.0417498802454128,60.9972763036161,0.018217168613217,64.7730271794924,0.0193448171659978,14.0224950050541,0.004187894466198,118.776996090814,0.00610185995500724,5.12735562549795,0.00026340459008061,86.1190200102096,0.00442414117934917,27.5306204551063,0.00141431418557746,1678.759725,0.034542733,,,,,,,1277.13071104455,0.0834316488539531,18.728866561415,0.0300544939106264,0.385329226941267,0.000618343607004573,14.7374850264312,0.0236494639188331,3.60605230804251,0.00578668638478866,393.605657896071,0.0473191815344395,31.8221495001674,0.00382565148342478,216.186858869255,0.0259899343796923,145.596649526649,0.0175035956713224,154.397303411662,0.0762114038079981,99.7707114177758,0.0249745892732481,12.1239197337832,0.00303485773961431,61.0611259672953,0.0152848117440963,26.5856657166973,0.00665491978953745,55.1295192568828,0.0104736019431015,2.46850056964358,0.000468970031142406,25.0089080760922,0.00475123584880355,27.652110611147,0.00525339606315558,121.458366435767,0.0291381678785098,15.5158063414684,0.00372228100224983,71.8406192493326,0.0172347454161604,34.1019408449657,0.0081811414600996,29.1737181892659,0.0133026161143934,2.26843228002799,0.00103435851429502,21.2144846106083,0.00967336912658134,5.69080129862959,0.00259488847351705,3.06052420731645,0.00320079353294645,,,2.24352798127557,0.00234635290133771,0.816996226040881,0.000854440631608739,617.426191434048,0.0469770628787152,28.2752589878037,0.00215133183173991,313.271974099529,0.0238353951121376,275.878958346715,0.0209903359348377,279.039933648638,0.0520978502542769,25.6314479314219,0.00478549187806558,150.759761414564,0.0281474388695793,102.648724302651,0.0191649195066321,372.621014044447,0.0548807054464399,20.3330414684747,0.00299470941681378,249.227392024089,0.0367069343255743,103.060580551884,0.0151790617040518,2399.23282364038,0.090953540249373,176.035855428855,0.00667341831285363,1144.96484662445,0.0434049606338596,1078.23212158707,0.0408751613026598,79448.9843854,0.407736093945034,4184.1426883,0.0214732259881427,29254.9885621,0.150138039611106,46009.853135,0.236124828345786,1.74668158670809,0.00656359707756016,1.01420221163696,0.00381112088374461,0.732479375071135,0.00275247619381555,,,,,,,,,,,1.52859430446576,0.00501782204829427,0.683425794768294,0.00224343961726321,0.563445673131642,0.00184958828735404,0.281722836565821,0.00092479414367702,230.193915462865,0.0465130573235511,51.1923299267408,0.0103439388118526,96.058280566646,0.0194095673702502,82.9433049694782,0.0167595511414483,4.11096724464924,0.00864657476230782,0.0484112522354707,0.000101823120175859,4.0062114251006,0.00842624242405019,0.0563445673131642,0.000118509218081773,6.31582031492106,0.00298751190829284,,,6.31582031492106,0.00298751190829284,,,338.013900033663,0.0214119316975794,2.5712392536824,0.00530634705835836,0.481982697710269,0.000994682803831536,0.398919536577203,0.000823262754100591,1.69033701939493,0.00348840150042623,695.061663304655,0.199154252344352,2923.55076567902,0.177164810434475,174.919879759921,0.0106000031546194,1536.52088212018,0.0931119219837491,1212.11000379892,0.073452885296107,6.77825144777366,0.00313933590770031,3.84833394748912,0.00178234948043168,2.92991750028454,0.00135698642726863,,,113.906718188139,0.0345312575405768,12.2577042744116,0.00371596996111165,57.5373705342705,0.0174426740734013,44.111643379457,0.0133726135060638,156.443835171857,0.0619994175977794,18.5616020788892,0.00735604900831454,93.0873104146171,0.036890932935197,44.7949226783503,0.0177524356542679,1420.12291003914,0.054909752280823,261.039974216726,0.0100932392670419,736.852457242925,0.0284907634463905,422.230478579485,0.0163257495673906,1456.2398002247,0.0394302526813413,113.776449548511,0.00308069739214065,803.617366297159,0.0217593529632424,538.845984379032,0.0145902023259582,9.68918082887366,0.00477098481998344,1.38168147965341,0.000680344549441646,4.50237041594686,0.0022169821461493,3.80512893327338,0.00187365812439249
2018,428.866447700708,0.0296067085914674,50.8064781248226,0.00350741495508673,105.3487267,0.00727272806863572,272.711242875886,0.0188265655677449,83.3623667057766,0.0535393212303747,27.5620229796054,0.0177016567592461,47.2916809295716,0.0303729919970862,8.50866279659957,0.00546467247404236,329.618501722172,0.0861775900935437,14.029799831442,0.00366804148629849,222.544187462965,0.0581833897814667,93.0445144277645,0.0243261588257785,187.072803374938,0.00902033000480227,10.2806703604639,0.000495716307496133,111.543037774467,0.00537841413776888,65.2490952400063,0.00314619955953726,,,,,,,,,1975.81680193902,0.122007409881655,18.720281024474,0.026940337722046,11.46785947832,0.0165033851196467,1.77820455012241,0.00255901239177699,5.47421699603157,0.0078779402106224,457.268722570959,0.0500481021888876,51.6852261486852,0.00565695258009638,342.368806849972,0.0374722962357346,63.2146895723017,0.00691885337305661,186.610279963854,0.0910183326356487,92.4102499333086,0.0212559058396631,22.3014308546175,0.00512970276216778,27.5756209380231,0.00634285485161954,42.533198140668,0.00978334822587581,42.1666080412094,0.00719836728150021,5.59941972601058,0.000955890967367111,32.1049686845628,0.00548071962361043,4.46221963063601,0.000761756690522669,91.7759028123694,0.0201379276316604,3.20462094510532,0.000703173956363807,36.6337144381517,0.00803835285328276,51.9375674291124,0.0113964008220138,37.7332368570774,0.0158557044302948,5.79841970948528,0.00243652643489423,24.7544813063483,0.0104019631394304,7.18033584124383,0.00301721485597015,4.88677811011986,0.00458972255937351,,,4.47364569291749,0.00420170347348223,0.413132417202362,0.000388019085891273,591.696038414232,0.0414879080771813,29.9569870134776,0.00210049187893054,404.052227019804,0.0283309006054937,157.686824380951,0.011056515592757,485.45235638927,0.0880988102990913,31.2163090513771,0.00566506610413864,218.030031185596,0.0395676035024172,236.206016152297,0.0428661406925355,527.122863220119,0.0747160720623001,37.7481096240967,0.00535053718152206,399.141723305154,0.0565756180245309,90.2330302908689,0.0127899168562471,2185.09467814624,0.0773427909998558,153.723586083812,0.00544114234917965,1308.46438680526,0.046313914271801,722.906705257169,0.0255877343788751,113142.8623206,0.552075291525854,5778.39248230001,0.028195395173733,38602.694445,0.188360037498597,68761.7753933,0.335519858853524,16.9868246170263,0.0560900969701573,4.05459958025746,0.0133881928352783,1.12844168812988,0.00372608802053161,11.8037833486389,0.0389758161143474,,,,,,,,,1.90867176747491,0.0054769648769415,,,1.90867176747491,0.0054769648769415,,,300.918357952091,0.0565883920359777,47.0856694987878,0.0088545688704645,210.809397228,0.0396431939094439,43.0232912253035,0.00809062925606928,2.72276690124719,0.00511304581884861,1.69687648285028,0.00318654057450381,1.0258904183969,0.0019265052443448,,,0.885283751147918,0.000369558836870018,,,0.885283751147918,0.000369558836870018,,,42.0,0.00253385444527463,0.354113500459167,0.000652918480173411,,,,,0.354113500459167,0.000652918480173411,,,,,,,,,,,16.4018881331844,0.00668848163139163,,,16.4018881331844,0.00668848163139163,,,333.342583564884,0.0946838710699556,39.7391599955618,0.0112876592639588,151.869506814324,0.0431375813101487,141.733916754998,0.0402586304958482,263.749719660146,0.0962727353681605,12.0364005070905,0.00439347272974341,125.941977322571,0.045970773618801,125.771341830484,0.045908489019616,1766.90143604828,0.0636140060816503,239.699050739743,0.00862991933813061,890.889356056402,0.0320748173938893,636.313029252136,0.0229092693496303,1731.12379099749,0.0433131861318835,91.3013553104041,0.0022843846391679,1158.51632345199,0.028986392201096,481.306112235094,0.0120424092916195,48.7196200126064,0.0223451854484776,3.98250207156398,0.00182656899448347,6.0458388122561,0.00277291549926928,38.6912791287864,0.0177457009547248
2008,755.759626498728,0.0714997283586767,36.9072403617581,0.00349166265014625,171.9541880491,0.0162679737109087,546.898198087869,0.0517400919976218,15.4706998205588,0.00979168178597692,,,2.95682425751639,0.00187142679791276,12.5138755630424,0.00792025498806416,132.208400776358,0.0480672026466697,1.94089427619292,0.000705653785551346,52.6381806862709,0.0191377407422015,77.6293258138939,0.0282238081189169,276.514886292892,0.0115657033747505,15.2883875929249,0.000639462700719452,168.7133409016,0.00705672118557917,92.5131577983667,0.00386951948845185,,,,,,,,,495.532554430383,0.0494435361177465,48.9442267550445,0.0876323875668991,,,4.46771889991577,0.00799924526618508,44.4765078551287,0.079633142300714,406.176394331124,0.0428441300342277,11.7164683048303,0.00123587165231672,208.682447724027,0.0220121554352575,185.777478302267,0.0195961029466535,46.4600728038478,0.0348597389193082,265.304647160069,0.0573564165559504,24.3869484015088,0.00527223320819362,183.493902662321,0.0396696885231235,57.4237960962391,0.0124144948246333,96.791679789065,0.0181323512136131,6.17498809828982,0.00115678385974991,15.4578240011719,0.00289577259531279,75.1588676896034,0.0140797947585504,90.4067821437727,0.0210096754504426,7.72695645805105,0.00179567111619111,41.3139341560772,0.00960096496764792,41.3658915296444,0.00961303936660361,83.8186985022155,0.0319897578205051,1.75779104258981,0.000670868323611765,58.942981653056,0.0224958361558179,23.1179258065697,0.00882305334107548,,,,,,,,,404.735547661772,0.0247533179363547,30.393422931849,0.00185883860548583,256.707012853847,0.0157000054538658,117.635111876076,0.00719447387700308,596.007060460688,0.115822851251383,13.0566228439594,0.00253731102502782,322.391665140806,0.0626508045851452,260.558772475922,0.0506347356412101,231.459977295199,0.0417519994817237,25.2680558098656,0.00455798823367273,128.699425055846,0.0232154966531283,77.4924964294869,0.0139785145949227,2179.92164646428,0.0750605649921626,11.4873109459113,0.000395539009963626,781.436305709159,0.0269069536086553,1386.99802980921,0.0477580723735437,35640.5066867,0.242240754162094,268.5796817,0.00182547754496156,14456.385604,0.0982569013946657,20915.541401,0.142158375222467,6.10768998930503,0.025274169612335,,,2.23701863499435,0.00925698398343798,3.87067135431069,0.016017185628897,1395.0,0.645954112397816,89.0,0.0412114093214377,1077.0,0.49870435774369,229.0,0.106038345332688,13.3486567076914,0.0375026417656302,,,7.42358289239045,0.0208563285375648,5.92507381530096,0.0166463132280654,179.635785695975,0.0346355884937065,13.6478558611345,0.00263144404994948,73.9745559746585,0.0142630393482913,92.0133738601824,0.0177411050954657,,,,,,,,,62.377866481122,0.0291053979892515,,,7.6648185446955,0.00357639026218175,54.7130479364265,0.0255290077270698,161.76,0.00904239505539948,0.732412934412422,0.00131748118891688,,,0.732412934412422,0.00131748118891688,,,103.13242966568,0.0359635870503895,1175.36830859199,0.0756869771570474,45.8886264807317,0.00295496432805478,472.744227020543,0.0304420165577652,656.735455090718,0.0422899962712275,60.6033031823342,0.0257099729114866,,,0.41262679898927,0.000175050257452962,60.1906763833449,0.0255349226540336,259.413718094261,0.0734136607697347,14.0894129710331,0.00398728098073932,91.9733987622221,0.0260283224270963,153.350906361006,0.043398057361899,220.868495257626,0.0778382932416337,13.8865492364595,0.00489388624810943,94.2933313802322,0.0332307782064795,112.688614640935,0.0397136287870447,978.719405280697,0.033535118169494,38.6858168235251,0.00132554175554355,170.145047057531,0.00582989795465636,769.888541399641,0.0263796784592941,1607.95104551946,0.0428500751705197,132.060966052661,0.00351927525294765,548.099520269528,0.0146062317692562,927.790559197276,0.0247245681483159,47.9222909876588,0.0135192708159275,2.19723880323727,0.000619859063830628,22.99776614055,0.00648785820142724,22.7272860438715,0.00641155355066968
2009,532.682779215857,0.0524895577136378,28.8569001917814,0.00284350459063631,133.365673859314,0.0131416022972651,370.460205164761,0.0365044508257364,1.74435258799488,0.00133570671476973,,,1.51312161124023,0.00115864574072149,0.231230976754653,0.000177060974048247,111.529222344317,0.0471977137084897,0.173648976235096,7.34859841559186e-05,64.8554893219771,0.0274459980362149,46.5000840461045,0.0196782296881189,122.111793821708,0.00558856740117535,12.6193350494483,0.000577536389194529,108.277902264799,0.00495544562835776,1.21455650746065,5.55853836230628e-05,935.127891136237,0.0178753465430676,46.7563945568118,0.000893767327153379,569.492885701968,0.0108860860447282,318.878610877457,0.00609549317118605,397.594229910802,0.0440823618612408,7.96011074637108,0.0154964105028215,,,1.58506785507395,0.00308574377162412,6.37504289129713,0.0124106667311974,225.935961035948,0.0260287402723287,6.7074487075654,0.00077272533110127,137.601588124077,0.0158522617732893,81.6269242043057,0.00940375316793809,21.2383587246241,0.0175031306299564,180.869634072985,0.0467822262448755,5.93366886946181,0.00153475314381033,101.566369333313,0.0262703073037915,73.3695958702106,0.0189771657972738,1.60064069526272,0.00036395544455734,,,0.719615249436335,0.000163626908146213,0.881025445826382,0.000200328536411127,103.57455722984,0.0258840496876666,8.85887617160964,0.00221389882936199,56.905908649525,0.0142212084357504,37.8097724087058,0.00944894242255421,48.4513845380173,0.019879035189952,0.122248879269507,5.01572823171623e-05,42.2626739441795,0.0173398797695573,6.06646171456832,0.00248899813807745,,,,,,,,,284.672185462663,0.0189906864935916,34.9347843904852,0.0023305246243242,168.273748581288,0.0112256629470666,81.4636524908904,0.00543449892220082,317.560398586914,0.0738318110708845,5.92559766504641,0.00137768314070194,165.436115930835,0.0384633855797461,146.198684991033,0.0339907423504364,307.083447362828,0.0567112702558232,9.43733564124399,0.00174285946260445,178.40620802036,0.0329475351577807,119.239903701224,0.0220208756354381,947.959430042385,0.039585497856434,20.5444937298828,0.000857910145447295,472.112210579252,0.0197147644800007,455.30272573325,0.0190128232309861,25706.9812885,0.177916134483158,312.077864,0.00215986803730546,9459.7266035,0.0654700749058823,15935.176821,0.11028619153997,6.38702064404758,0.0324853944320284,2.99243482454714,0.0152199955198434,3.39458581950045,0.017265398912185,,,739.0,0.356230573232018,40.0,0.0192817630978088,575.0,0.277175344531002,124.0,0.0597734656032074,,,,,,,,,214.10336698419,0.0441884285095741,9.53692680209435,0.00196831004636422,107.523418300935,0.0221915747968912,97.0430218811602,0.0200285436663186,0.201452268892145,0.000538076560683021,,,0.201452268892145,0.000538076560683021,,,3.02207564705082,0.00173580486520244,,,3.02207564705082,0.00173580486520244,,,123.75,0.00939694658298235,1.00021810311415,0.00199080995129355,,,1.00021810311415,0.00199080995129355,,,33.0435180772826,0.0111657125404464,810.923969098094,0.0589924001168338,15.5139397131137,0.00112859475588362,377.630673055137,0.0274715517239362,417.779356329843,0.030392253637014,38.4457583111873,0.0186466978515373,,,,,38.4457583111873,0.0186466978515373,110.036410717337,0.0342532836297338,9.41835928112102,0.00293184528357344,65.601610351146,0.0204211547003055,35.0164410850699,0.0109002836458549,129.537704749508,0.0515093474469012,12.7444456638461,0.0050676988679599,72.2381686006532,0.0287247711589008,44.5550904850085,0.0177168774200405,715.150553662396,0.0265849271125525,45.0769264964721,0.00167568465021747,173.93442736819,0.00646581905064115,496.139199797734,0.0184434234116939,905.063354092489,0.0264808820793151,79.2471413905532,0.00231866001070197,458.738724971973,0.0134220505407368,367.077487729963,0.0107401715278763,22.9968479237834,0.00696915625925607,0.0347297952470191,1.05248063008726e-05,5.55676723952306,0.00168396900813962,17.4053508890133,0.00527466244481558
2010,367.836251409198,0.028306787479352,,,117.414065287724,0.00903558303580315,250.422186121474,0.0192712044435489,24.9484997582926,0.0190559096623925,0.40128734048964,0.000306507220198305,9.59930865047779,0.00733204642512127,14.9479037673251,0.0114173560170729,64.4958379964108,0.0290327245666307,1.65553046507162,0.000745235064730302,43.0913654153064,0.0193975267578079,19.7489421160328,0.00888996274409243,106.799316597024,0.00502571244287141,3.75254455032482,0.000176585491742016,76.8953108755107,0.0036185036850347,26.1514611711885,0.00123062326609469,1289.58944177125,0.0226239867423601,56.7419354379349,0.000995455416663846,805.99340110703,0.0141399917139751,426.854105226283,0.00748853961172121,527.307820545537,0.0481779930202043,4.64816004344112,0.00873509432930797,1.32442437205729,0.00248893577541065,1.98663655808594,0.00373340366311598,1.33709911329788,0.00251275489078133,199.146514446159,0.0235243474045098,3.40635326371276,0.000402378308156276,132.737174605487,0.0156796889847488,63.002986576959,0.00744228011160473,68.0196622939055,0.0464032503434088,226.327093087167,0.0527407989713083,6.74321398062367,0.00157136508988616,130.443457012496,0.0303971214827953,89.1404220940474,0.0207723123986268,5.14387884165844,0.00107315846764288,,,3.45586024674026,0.00072099009345718,1.68801859491818,0.000352168374185703,57.4230410108007,0.0146527440284738,7.98361687051765,0.00203719434509045,20.7994093067301,0.00530742390424163,28.640014833553,0.00730812577914171,73.3428868478038,0.0307770990638584,0.078803250137409,3.30684479473237e-05,70.7202617062559,0.0296765588852821,2.54382189141045,0.00106747173062899,2.7447105801641,0.00306668102542122,2.30765053738519,0.00257835130867574,,,0.437060042778907,0.000488329716745482,282.900065559006,0.0197608798331013,29.8533597335258,0.00208528991728177,197.426246117781,0.0137904398068088,55.6204597076996,0.00388515010901068,364.421802674013,0.0745377450635614,6.05399678164878,0.00123826638640997,188.921706653246,0.0386414805704948,169.446099239118,0.0346579981066566,252.296286976273,0.0432174791878722,8.89260904979174,0.00152327309744119,161.310464939176,0.0276319233423774,82.0932129873054,0.0140622827480536,959.013913078028,0.0390971521062575,15.4930368388639,0.000631621303524956,447.638114284579,0.0182493446696414,495.882761954585,0.0202161861330911,29396.200107,0.196078562874515,448.923363,0.00299440905754596,10625.420354,0.0708736892988366,18321.85639,0.122210464518133,9.10549367541529,0.046688721941383,2.07130977544246,0.0106207098272122,6.594226041784,0.0338121135501682,0.43995785818883,0.00225589856400266,884.0,0.378209441143192,49.0,0.020964097981919,695.0,0.29734792035579,140.0,0.0598974228054829,0.538514940421146,0.00226598648739969,,,0.538514940421146,0.00226598648739969,,,124.001337668616,0.0256440580185772,6.64842492831553,0.00137492544676822,91.8613195240019,0.0189973515756095,25.4915932162984,0.00527178099619949,0.137908924469362,0.000371418964363819,,,0.137908924469362,0.000371418964363819,,,6.9370037547431,0.00417325687142982,,,2.69255474839248,0.00161982363030248,4.24444900635062,0.00255343324112734,153.3,0.00933336557251116,0.437060042778907,0.000910283715009702,,,0.437060042778907,0.000910283715009702,,,82.1993923965152,0.0218994967329012,1055.55528591106,0.0652678928558337,15.8877769828658,0.000982385043849267,424.037749365877,0.0262194228590816,615.629759562322,0.0380660849529029,30.5675953088889,0.0147329433696109,,,17.4038368574059,0.00838828636152304,13.163758451483,0.00634465700808791,85.2003125641518,0.026460106484386,11.9296995543312,0.00370492913739792,39.5413518399566,0.012280100257074,33.729261169864,0.0104750770899141,136.894423511181,0.055243956929197,7.08567039050653,0.00285943327586062,86.8510486129966,0.0350488753724879,42.9577045076784,0.0173356482808485,735.013581971936,0.0278139304490854,39.8452410121251,0.00150779902497177,112.667324464105,0.00426348737409971,582.501016495706,0.0220426440500139,932.340019469038,0.0272845835076814,67.2150401631691,0.00196702312247474,466.423723089352,0.0136497165806983,398.701256216517,0.0116678438045084,6.62212186028647,0.00221208143526542,6.62212186028647,0.00221208143526542,,,,
2011,246.528232640132,0.0159390959721277,,,91.8034004392122,0.00593547925321909,154.724832200919,0.0100036167189086,52.6301061367475,0.0373840988099471,4.54682319577955,0.00322968924251701,35.1860764156779,0.0249932947891133,12.89720652529,0.00916111477831674,89.3031535194723,0.0376057040090745,0.95261727519792,0.000401148692663051,56.4754398037131,0.0237819000711733,31.8750964405613,0.0134226552452382,149.337809565514,0.00656057232646066,9.78237448825684,0.000429750346154489,107.764163730008,0.00473419686821584,31.7912713472486,0.00139662511209034,1553.73549845615,0.0252333852059425,243.938440503104,0.00396167342631222,761.324003828235,0.0123642549676035,548.473054124813,0.00890745681202684,633.226551167636,0.0526607642793438,7.69348930639253,0.0128214927427259,0.243273488055272,0.000405424526814719,7.41546246290079,0.0123581504263663,0.0347533554364674,5.79177895449598e-05,233.596402332645,0.0258378525155254,8.02271479311328,0.000887384050133617,102.624517797193,0.0113511900390695,122.949169742339,0.0135992784263223,28.9142691918462,0.0171636745467666,179.007819504973,0.0358854239093679,0.370164939424902,7.42063994990958e-05,131.374689826303,0.0263364832241176,47.2629647392456,0.00947473428575121,39.4767812832329,0.00746501800477937,0.740941537905485,0.00014011126898288,17.3804866859895,0.00328663183332648,21.3553530593379,0.00403827490247002,135.175970139917,0.0313545817659489,14.4469698549395,0.00335102975120529,48.8811643764205,0.0113381724848645,71.847835908557,0.0166653795298792,17.6604458160435,0.00721143285163696,1.0704033474432,0.00043708646682303,12.0175573951665,0.00490722652749837,4.57248507343384,0.00186711985731556,,,,,,,,,343.489431504612,0.0230829238119937,60.4970424894524,0.0040654776961201,140.405001702914,0.00943539352269037,142.587387312245,0.00958205259318318,355.875847113039,0.0631212262317407,3.89518388000361,0.000690883590157893,168.343835797346,0.029858922515492,183.636827435689,0.0325714201260908,259.910447553711,0.03715237454221,9.52629786405877,0.00136171742835781,195.255096579575,0.0279103458428721,55.1290531100778,0.00788031127098012,1123.4671476531,0.042638012221703,36.901585448075,0.00140049511427375,428.322441631739,0.0162557646116082,658.243120573291,0.0249817524958211,42092.0880863,0.270817860805238,1130.0784312,0.00727085391088815,13295.4826231,0.0855423032228494,27666.527032,0.178004703671501,2.24437169408706,0.00968644133066168,0.236322816967978,0.001019941174489,1.65703998721077,0.00715158752935815,0.351008889908321,0.00151491262681454,1228.0,0.46920931838213,80.0,0.0305673823050247,844.0,0.322485883318011,304.0,0.116156052759094,3.64558722698408,0.0128061360905434,,,3.43526488696576,0.0120673205468582,0.210322340018312,0.000738815543685197,166.784855877835,0.0316474725677707,0.704116882485004,0.000133606373346453,105.263201062063,0.0199737215376883,60.8175379332874,0.0115401446567359,5.0533555253724,0.011610501404659,1.25247712141792,0.00287766956124749,0.759836120326869,0.00174578620049015,3.04104228362762,0.00698704564292139,5.56053686983478,0.00303121263509921,,,,,5.56053686983478,0.00303121263509921,272.21,0.0132678004139489,2.92206212509818,0.00569705010482413,,,2.22699501636883,0.00434190022261097,0.695067108729348,0.00135514988221316,99.9844101443136,0.0240106437568318,1406.58453348101,0.0784559830529909,25.2493352911632,0.00140834864492666,412.908741615978,0.0230310802255755,968.426456573872,0.0540165541824887,12.7786002738564,0.00560591918769063,,,3.77768973594401,0.00165725689214937,9.00091053791244,0.00394866229554126,201.984027357841,0.0587157391740585,7.25316429301249,0.00210845831913541,57.5396014485199,0.0167264722613197,137.191261616309,0.0398808085936034,121.588117132709,0.0444280464812496,4.54851915952485,0.00166201949175395,73.5114512306163,0.0268609322127527,43.528146742568,0.015905094776743,702.702810156321,0.0245579368036349,50.8431025015465,0.00177685599102123,125.921791048926,0.0044006930697945,525.937916605848,0.0183803877428192,1008.8516240243,0.026847595218022,58.3940335439387,0.001553984092806,518.566271173482,0.013800104009992,431.891319306879,0.011493507115224,13.7359162027094,0.00477276572198114,7.02017779816641,0.00243927405080505,6.31120934726248,0.00219293152290197,0.40452905728048,0.000140560148274113
2012,331.331195556849,0.0208291708731893,14.4957398056121,0.000911276225702032,129.426248264394,0.00813639487233958,187.409207486843,0.0117814997751477,45.3460132032368,0.0354662930960254,0.352591694141289,0.000275771109393724,35.5096146186403,0.027772990629785,9.48380689045528,0.00741753135684666,96.2321307886223,0.0427699339917696,1.06186094200906,0.000471939278762551,56.9939637206505,0.0253307086342698,38.1763061259627,0.0169672860787373,133.168828232005,0.00642451469030845,16.105417747021,0.000776979825406498,98.5159335675207,0.00475274184534634,18.5474769174631,0.000894793019555612,1284.58222227208,0.0207083361018373,289.320320331548,0.00466403966257596,793.380611753624,0.0127898332080416,201.881290186903,0.00325446323121967,606.584728364727,0.0496059150196534,15.0945401095216,0.0266321152528135,0.9636461285838,0.00170021309514309,5.33551588474278,0.00941373986518828,8.79537809619501,0.0155181622924821,225.054285398577,0.026825027688173,2.91856290810414,0.000347873983740917,103.839538786114,0.0123770071657664,118.296183704358,0.0141001465386657,21.7129931198979,0.0123234220965978,133.888890316513,0.0262409338897555,2.68864979043909,0.00052694948204314,83.7260983638573,0.0164095094583227,47.4741421622163,0.00930447494938968,13.335025067648,0.00266511590049189,3.49433504562543,0.000698371982392156,4.44667439296718,0.000888704938227554,5.39401562905534,0.00107803897987218,56.140353131336,0.013711991455786,11.7898891678466,0.00287961956983027,31.7124120191085,0.00774559293617385,12.6380519443809,0.00308677894978192,19.5370643998283,0.00902954608076494,1.27715233574973,0.000590268099229385,13.184721968819,0.00609365113115821,5.07519009525963,0.00234562685037734,,,,,,,,,268.650522810146,0.0201082868510482,49.9031471397698,0.00373521252428644,140.760393887143,0.0105358081865691,77.9869817832336,0.0058372661401927,288.446191285041,0.0529763039391833,7.93012666164714,0.00145645466293743,130.379612331587,0.0239456445570659,150.136452291808,0.02757420471918,193.519466936659,0.0289680887330094,16.1432312211067,0.00241649360580127,58.2981238452307,0.00872669427654724,119.078111870321,0.0178249008506609,944.538709022556,0.0352886795644867,12.904545069087,0.000482123550383379,575.746478837047,0.0215103233017176,355.887685116421,0.0132962327123858,38336.1486402,0.236686621424563,1713.9070502,0.0105816281378405,13062.50948,0.0806476744746731,23559.73211,0.14545731881205,9.70532986249412,0.0421167632820186,0.420149712062537,0.0018232606430338,8.07484061293033,0.0350411738140985,1.21033953750125,0.00525232882488635,867.0,0.336784038125874,69.0,0.0268028819269726,656.0,0.25482160208832,142.0,0.0551595541105814,2.44174196441996,0.00868150254411781,,,0.514050939877887,0.00182768474613007,1.92769102454208,0.00685381779798774,121.512705995421,0.0244058160399658,2.89286567800857,0.000581031810520857,74.2313316047663,0.0149093562579036,44.3885087126459,0.00891542797154134,5.51153978642783,0.0128581560830579,0.237787980524522,0.00055474787205357,5.27375180590331,0.0123034082110043,,,5.80140666637543,0.00338874596991096,,,1.84799060509268,0.00107945728951177,3.95341606128275,0.00230928868039919,314.733749849721,0.0142397048477376,1.9272922571676,0.00415787641900179,,,1.54183380573408,0.00332630113520143,0.38545845143352,0.000831575283800357,108.161187941148,0.0272907310817955,,,,,,,,,6.74795128833063,0.00325396255782275,,,0.16379414462915,7.89839746969652e-05,6.58415714370148,0.00317497858312579,100.235181049835,0.0306390090413982,0.538613942803105,0.000164638775433176,62.1772749115373,0.0190058028352036,37.5192921954943,0.0114685674307614,103.494155165015,0.040316146584597,7.82352170259568,0.00304765276132469,78.8911131269161,0.0307320319294895,16.779520335503,0.00653646189378283,609.899986380468,0.0227250262303404,33.5800995510694,0.00125120291876749,78.3170370065811,0.00291811241187149,498.002849822818,0.0185557108997015,734.468517038548,0.0207243750501415,43.7614577524689,0.00123480971908764,422.380745579434,0.0119182467080303,268.326313706645,0.00757131862302353,,,,,,,,
2013,252.934083640088,0.0163900598934064,11.5847671896224,0.000750689766110216,128.397836351648,0.00832014490772156,112.951480098818,0.0073192252195746,29.1171186960522,0.0215330047099155,1.49973644343359,0.00110910122107878,14.4637055389367,0.0106963550461118,13.153676713682,0.00972754844272492,158.895691348042,0.066610771439873,2.11517090016849,0.000886702239639614,116.958132346556,0.049030098649474,39.8223881013173,0.0166939705507594,111.919289286857,0.0052532149837665,14.5477117049654,0.000682833652670573,89.1674666305521,0.00418530062827269,8.20411095133962,0.000385080702823237,1862.78778918628,0.0361305278944672,361.380831102138,0.00700932241152665,1227.57715307376,0.0238100178824539,273.829805010383,0.00531118760048668,635.519154396152,0.0486762208466705,9.24713108387472,0.0149776937307656,,,8.9516290716834,0.0144990654302385,0.295502012191317,0.000478628300527126,266.882902547802,0.0304339998638166,11.9149741289688,0.00135872443516109,160.886306875441,0.0183466748704897,94.0816215433925,0.0107286005581658,44.9398396599005,0.0235553028779407,92.4091991199734,0.0176521152886182,2.44864630177692,0.000467743333257309,64.9470430546538,0.0124062615256213,25.0135097635426,0.00477811042973964,21.7080324340544,0.00414092438627523,2.06994804549902,0.000394853765119825,6.63659333553738,0.00126596600905233,13.001491053018,0.00248010461210308,78.7333883018061,0.0183071648603757,15.2039609166192,0.00353523994120893,27.988499108422,0.00650791333161266,35.5409282767649,0.00826401158755413,51.7949197978116,0.0229106557829898,9.43094353250774,0.00417162729135509,22.4861284270652,0.00994637988234437,19.8778478382387,0.00879264860929037,0.0663870444355043,6.74128322696249e-05,0.0663870444355043,6.74128322696249e-05,,,,,229.758563596797,0.0168710103108087,14.6983837410162,0.0010792920175201,127.148517112588,0.00933642650628244,87.9116627431923,0.00645529178700615,324.064918563012,0.0559349183319812,9.34576895449699,0.00161311759858915,134.231868702359,0.0231689645602776,180.487280906156,0.0311528361731145,251.78944950535,0.0365705044694142,10.7747368085623,0.0015649486560632,168.868817872455,0.0245269127474623,72.1458948243332,0.0104786430658887,819.917228632998,0.0297765703213295,11.9567581347365,0.000434228281808032,516.69359325189,0.0187645320487978,291.266877246372,0.0105778099907237,44046.33546891,0.262417196726441,2469.93513831,0.0147152640098503,15316.4385516,0.0912515610153466,26259.961779,0.156450371701244,6.57753542080756,0.0261665885338764,,,2.59440569653951,0.010321000497624,3.98312972426805,0.0158455880362524,895.0,0.30554729227465,55.0,0.0187766492459282,783.0,0.267311206537487,57.0,0.0194594364912347,2.05321962254532,0.00678733027310259,,,0.796541945898871,0.00263312955118424,1.25667767664645,0.00415420072191834,157.707974013455,0.0302745754236592,1.83196376860663,0.000351674832125866,81.7774600051251,0.0156984952496391,74.0985502397236,0.0142244053418942,12.2294319424827,0.0263517570237794,1.65135191104786,0.00355830299603048,3.26334388241666,0.00703179391151857,7.31473614901819,0.0157616601162303,3.96339949466182,0.00207564216274899,,,,,3.96339949466182,0.00207564216274899,243.638400102034,0.0106062322126945,5.95440006691814,0.0123750275905567,,,1.33795121614427,0.00278066354771721,4.61644885077387,0.00959436404283949,160.993369691486,0.043909890323781,1830.45784751752,0.0990932940222376,82.5405395432304,0.0044683978736818,640.903012923906,0.0346957952544705,1107.01429505038,0.0599291008940854,5.89465172692619,0.00281498705849695,3.45456935388145,0.00164972732476044,1.37788966207667,0.00065801030263838,1.06219271096807,0.000507249431098127,113.235996648782,0.0329572592337217,4.89658890088281,0.00142514884438998,63.9157070419393,0.0186026227386101,44.4237007059598,0.0129294876507216,169.606962142124,0.0628220209025664,7.53824889565152,0.00279214970724218,91.0823212628409,0.0337366781290126,70.9863919836316,0.0262931930663116,880.167813170924,0.0313106893176264,68.6495414646841,0.00244210755316591,120.671345625558,0.00429270754495091,690.846926080682,0.0245758742195095,972.270622803418,0.0259098500764459,58.5443445540716,0.00156013681236822,488.250701379124,0.0130112976528866,425.475576870222,0.0113384156111911,17.3428585464689,0.00723034816778366,4.80229274296662,0.00200210642566413,7.60644166769567,0.00317117396927476,4.93412413580665,0.00205706777284477
2014,265.918369370531,0.0181606458208416,18.9297822263768,0.00129279173639889,85.6347291193234,0.00584834356942356,161.35385802483,0.0110195105150191,58.4202056171234,0.0417041413325299,4.27226689627997,0.00304982189930063,41.8125166670868,0.0298484931049582,12.3354220537566,0.008805826328271,99.7054254103918,0.0385749596602419,0.876784953783246,0.000339218694305583,49.5475706850322,0.0191694236554443,49.2810697715763,0.019066317310492,72.9913987881618,0.00339221470596495,15.4303856415618,0.000717114371844393,48.8102784680476,0.00226841719943048,8.75073467855243,0.000406683134690075,1105.29276567196,0.0227875985721305,153.635694428402,0.00316747620152613,785.863156392763,0.0162019825847848,165.793914850794,0.00341813978581957,865.559260550387,0.0613291632756984,5.6916061565731,0.00861009741648933,0.397940379259975,0.000601992712975429,4.23227915529546,0.00640246967524044,1.06138662201767,0.00160563502827346,242.212181799608,0.0271848779297709,14.1811733894453,0.00159163533654116,159.172131702159,0.0178648114970724,68.8588767080032,0.00772843109615739,46.2904201228936,0.0230490951502774,120.143857689282,0.024060602039737,1.91182265290933,0.000382871042323034,76.5000378118984,0.0153202752202049,41.731997224474,0.00835745577720912,31.647590453358,0.00580283084651503,3.42297185600698,0.000627628403560895,12.4785500397357,0.00228803880652709,15.7460685576154,0.00288716363642705,79.1450265412992,0.0179062713143874,14.594066052743,0.00330185379600754,22.9605522394594,0.00519474054018275,41.5904082490968,0.00940967697819714,72.7535155115021,0.0316829560055223,8.45723474289899,0.00368298623652463,43.4201326467931,0.0189087515940697,20.87614812181,0.009091218174928,9.21416261239089,0.0091276112345761,1.69821859522827,0.00168226672141935,3.53574418459636,0.00350253188483014,3.98019983256626,0.00394281262832661,375.57733461938,0.0272768091890144,19.0505365972741,0.00138357084896722,133.016062759791,0.00966047050376387,223.510735262315,0.0162327678362833,382.102965116202,0.0665205831534161,8.9710254719522,0.0015617723502798,174.294224332023,0.0303430083022585,198.837715312227,0.0346158025008778,208.571055190778,0.0294100654731537,4.6404088461268,0.000654332058980854,117.744646299542,0.0166028682820605,86.1860000451089,0.0121528651321124,1099.80134822636,0.0362405072403382,24.3428358393114,0.000802141877628757,569.543749693193,0.0187675296249931,505.914762693852,0.0166708357377163,66621.5413435,0.380222025483532,2623.2246819,0.0149712507656913,20900.1788416,0.119281364133383,43098.13782,0.245969410584458,14.0816020569673,0.0529068191444331,5.5427599501679,0.0208250309203594,1.72075979361337,0.00646516829714486,6.818082313186,0.0256166199269288,1165.0,0.375796898007182,88.0,0.0283863751284395,732.0,0.236123029477474,345.0,0.111287493401269,8.63914314258004,0.0275702547882077,1.80435725743004,0.00575827816431355,4.78286019813435,0.0152636288232123,2.05192568701566,0.00654834780068187,164.16283793555,0.0309269485118059,5.67841842779453,0.00106976802151677,77.0769147082978,0.0145206662032015,81.4075047994576,0.0153365142870876,12.9418255550082,0.0266527264047374,2.08472480968587,0.00429333556889306,6.57611170938139,0.0135430125720793,4.28098903594092,0.00881637826376512,7.03501647139364,0.0035240577587124,,,2.42128823147781,0.00121289830847092,4.61372823991583,0.00231115945024148,120.620550782383,0.00584497530856107,2.87232447650422,0.00575736660737266,1.39306994139819,0.00279230791226687,1.34658120735382,0.00269912460822322,0.132673327752209,0.000265934086882559,240.78898289967,0.068671743386938,1866.00729587155,0.103464242445119,122.953969107815,0.00681741132390316,777.503039946479,0.0431101010187994,965.550286817255,0.053536730102416,7.34345542375197,0.00353359369167138,,,3.89394890219455,0.00187372735074835,3.44950652155743,0.00165986634092304,89.5349136495646,0.025364455680943,2.84486109765951,0.000805924195252457,72.9522336218094,0.0206667278841474,13.7378189300958,0.00389180360154319,163.648742057843,0.0600305084387401,11.3117809934844,0.00414944811580971,102.203067141991,0.037490676722488,50.1338939223675,0.0183903836004424,797.289576785352,0.0279538303067501,68.6395278952305,0.00240657569217825,149.259536890482,0.00523319994063329,579.390511999639,0.0203140546739385,909.435368851752,0.0233264725793242,46.1047110971951,0.0011825582290078,517.000945960827,0.0132607646485825,346.32971179373,0.0088831497017339,12.7110600466214,0.00536264717853356,3.37475836870183,0.00142377098194589,4.69273520659227,0.00197980995471154,4.6435664713273,0.00195906624187613
2015,288.485376646207,0.0231000137590742,33.0556160740446,0.00264687657656058,84.1415681884771,0.00673750401306331,171.288192383686,0.0137156331694503,67.4627214944896,0.0548147217781518,4.78188539126211,0.00388537123155417,56.1490430417708,0.0456221466353908,6.53179306145671,0.00530720391120683,97.8957122371096,0.0335834563890249,0.554533365718082,0.000190234553467939,39.7672512557408,0.0136422905328463,57.5739276156507,0.0197509313027106,76.6611102423422,0.00418393486551291,5.27583044144183,0.000287939097916833,70.9782523104633,0.00387378142054216,0.407027490437072,2.22143470539158e-05,1109.513657,0.025276679,,,,,,,1087.38173066085,0.0786382715597078,6.5398892485962,0.0114324933696773,0.111461206509334,0.000194847260550739,6.05366330286727,0.0105825133945724,0.374764739219594,0.000655132714554233,190.012088827373,0.0248295820783419,13.0606027334059,0.00170667724123772,139.848202036468,0.0182744815469488,37.1032840574985,0.0048484232901553,43.5851392109346,0.0245954539762025,72.0922765701889,0.0186447243670698,1.51914415538469,0.000392885693149339,40.9887440817426,0.0106006339640614,29.5843883330616,0.00765120470985904,33.8360511013587,0.00708493561011935,5.53554059794224,0.0011590876425307,21.1793482902073,0.00443474678681947,7.12116221320921,0.00149110118076918,124.66940384336,0.032652579951376,11.5373993937841,0.00302179880967289,36.0959409266696,0.00945400844708541,77.0360635229061,0.0201767726946177,65.0800358006741,0.0326346165159241,5.48433498695183,0.00275013937749224,47.8007761248987,0.0239698700040274,11.7949246888236,0.00591460713440444,11.6263465456453,0.0132464397635638,2.04068278584254,0.0023250452317998,6.53573024835331,0.00744646279945447,3.04993351144945,0.00347493173230948,477.593391736788,0.0398298466637332,23.9008205984746,0.00199325626368652,350.360779407736,0.0292190310046983,103.331791730577,0.00861755939534845,193.011437805201,0.0387481636328782,2.129075404338,0.000427424214295978,110.500244549214,0.0221835638652013,80.382117851649,0.0161371755533809,318.934652679117,0.0469137251308825,11.2226129834006,0.0016507913967042,186.672533629676,0.0274586152950869,121.039506066041,0.0178043184390914,1206.71384636542,0.0416622451860004,97.9572432593697,0.00338201032391294,610.103830827397,0.0210640620934351,498.652772278655,0.0172161727686524,77424.8585735999,0.424960735716641,3307.95170719999,0.0181563081561269,24877.2326974,0.136543318314642,49239.6741689999,0.270261109245872,4.21112637926311,0.0183856198714894,0.343810686745211,0.00150106456680582,3.25732899022801,0.0142213762345442,0.60998670228989,0.00266317907013936,,,,,,,,,8.23782605175571,0.0305411625365504,0.794091779708293,0.00294403959984572,6.94465424290114,0.0257468187189245,0.499080029146274,0.00185030421778013,,,1.24781098,0.000273679,72.3645746340912,0.0158715005325791,36.7622238562472,0.00806294597133368,10.4405213057264,0.0251477618113168,1.59372889307377,0.00383876565367002,8.17755936556947,0.0196970351480869,0.66923304708321,0.00161196100955989,2.03359584942866,0.0011431443404708,0.508751091044397,0.000285984027061788,,,1.52484475838427,0.00085716031340901,59.6537369612288,0.00436746869248154,3.810553657203,0.00884077244847294,0.166360009715425,0.000385967794375416,3.47783363777215,0.00806883685972211,0.166360009715425,0.000385967794375416,88.1735311524139,0.0277785718075381,1768.43369311812,0.113643262387754,124.306347128992,0.00798818687871478,945.979119660886,0.06079060454871,698.148226328241,0.0448644709603289,2.8421609499822,0.00152125560944671,1.32296134126094,0.000708109919491701,1.44156493752073,0.000771592033730122,0.0776346712005315,4.15536562248873e-05,80.5849328848268,0.0266244173638046,2.00347359700286,0.000661926681755795,22.4781763393922,0.00742655391042534,56.1032829484317,0.0185359367716234,121.297829889127,0.0520925141695673,10.2356323177609,0.00439579027947011,75.302825125685,0.0323395190866464,35.7593724456807,0.0153572048034508,942.173482436265,0.0386420486893682,114.218191134342,0.00468451403621772,153.947856118555,0.00631397578328624,674.007435183368,0.0276435588698642,969.448594202464,0.0286701263030295,50.3842139877714,0.00149004474022332,497.552267542385,0.0147144329654057,421.512112672307,0.0124656485974005,34.7650719396135,0.0176839272265155,2.66439973426761,0.00135529853310752,12.6127948592539,0.00641574240954939,19.487877346092,0.00991288628385855
2002,,,,,,,,,,,,,,,,,,,,,,,,,,,,,,,,,,,,,,,,,439.857031262076,0.0722236389527126,,,,,,,,,,,,,,,,,,,,,,,,,,,,,,,,,,,,,,,,,,,,,,,,,,,,,,,,,,,,,,,,,,,,,,,,,,,,,,,,,,,,,,,,,,,,,,,,,,,,,,,,,,,,,,,,,,,,,,,,,,,,,,,,,,,,,,,,,,,,,,,,,,,,,,,,,,,,,,,,,,,,,,,,,,,,,,,,,,,,,,,,,,,,,,,,,,,,,,,,,,,,,,,,,,,,,,
2003,,,,,,,,,,,,,,,,,,,,,,,,,,,,,,,,,,,,,,,,,481.783463052769,0.0707965430978574,,,,,,,,,,,,,,,,,,,,,,,,,,,,,,,,,,,,,,,,,,,,,,,,,,,,,,,,,,,,,,,,,,,,,,,,,,,,,,,,,,,,,,,,,,,,,,,,,,,,,,,,,,,,,,,,,,,,,,,,,,,,,,,,,,,,,,,,,,,,,,,,,,,,,,,,,,,,,,,,,,,,,,,,,,,,,,,,,,,,,,,,,,,,,,,,,,,,,,,,,,,,,,,,,,,,,,
2004,,,,,,,,,,,,,,,,,,,,,,,,,,,,,,,,,,,,,,,,,461.268801939119,0.0603059404800965,,,,,,,,,,,,,,,,,,,,,,,,,,,,,,,,,,,,,,,,,,,,,,,,,,,,,,,,,,,,,,,,,,,,,,,,,,,,,,,,,,,,,,,,,,,,,,,,,,,,,,,,,,,,,,,,,,,,,,,,,,,,,,,,,,,,,,,,,,,,,,,,,,,,,,,,,,,,,,,,,,,,,,,,,,,,,,,,,,,,,,,,,,,,,,,,,,,,,,,,,,,,,,,,,,,,,,
2005,,,,,,,,,,,,,,,,,,,,,,,,,,,,,,,,,,,,,,,,,598.955196966832,0.0666886062650845,,,,,,,,,,,,,,,,,,,,,,,,,,,,,,,,,,,,,,,,,,,,,,,,,,,,,,,,,,,,,,,,,,,,,,,,,,,,,,,,,,,,,,,,,,,,,,,,,,,,,,,,,,,,,,,,,,,,,,,,,,,,,,,,,,,,,,,,,,,,,,,,,,,,,,,,,,,,,,,,,,,,,,,,,,,,,,,,,,,,,,,,,,,,,,,,,,,,,,,,,,,,,,,,,,,,,,
